pos_aredl;nivel;puntos_aredl;en_pointercrate;pc_min_pct;estado;id_gd;tier_gddl;disfrute_edel;2p;etiquetas
1;Society;5000;1;66;Main List;127323087;39;50;;2.2, Long, NONG, Fast-Paced, Timings, Chokepoints, Ship, Wave
2;Thinking Space II;4936;2;79;Main List;119544028;39;42;;2.2, Long, Timings, Chokepoints, High CPS, Nerve Control, Ship, Wave
3;Amethyst;4874;3;59;Main List;119550490;39;0;;2.2, Long, Timings, Chokepoints, Wave
4;Flamewall;4815;4;68;Main List;126242564;39;57;;2.2, XXL+, Fast-Paced, Nerve Control, Overall
5;Tidal Wave;4756;5;72;Main List;86407629;39;68;;2.1, XXL, NONG, Fast-Paced, Timings, Nerve Control, Wave
6;Green Bullet;4700;6;68;Main List;142896409;39;80;;2.2, XL, Timings
7;ORBIT;4645;7;65;Main List;133175713;39;83;;2.2, XL, Fast-Paced, Timings, Learny, Gimmicky, Nerve Control
8;Antarctic Lights;4592;8;75;Main List;144988390;39;60;;2.2, Long, Circles, High CPS, Wave
9;Nullscapes;4540;9;68;Main List;109780665;39;45;;2.2, Long, Robot, Timings, Learny
10;Quanteuse processing;4490;10;60;Main List;117692518;39;48;;2.2, Long, Timings, Learny, Gimmicky, Wave
11;BOOBAWAMBA;4441;11;63;Main List;110816181;39;57;;2.2, XL, Timings, Memory, Gimmicky, Nerve Control, Ship
12;The Bloop;4393;12;67;Main List;135661111;39;72;;2.2, Long, Fast-Paced, Chokepoints, Nerve Control, Wave
13;Every End;4347;13;67;Main List;116174063;39;42;;2.2, XXL+, Timings, Slow-Paced, Nerve Control, Cube
14;Ashley Wave Trials;4301;14;77;Main List;62912799;39;40;;2.1, XL, Fast-Paced, High CPS, Wave
15;Silent clubstep;4257;15;63;Main List;4125776;39;32;;1.8, Long, Timings, Chokepoints, Mirror, Ship
16;Ultra Paracosm;4214;16;37;Main List;138704906;39;67;;2.2, Long, Circles, Timings, Chokepoints, High CPS, Nerve Control, Wave
17;Penumbral;4172;17;80;Main List;134942736;39;81;;2.2, Long, Timings, Ship, Wave
18;andromeda;4131;18;66;Main List;114283297;39;73;;2.2, Long, NONG, Fast-Paced, Timings, Chokepoints, Unbalanced, Learny, Wave
19;KILLSTEALER;4091;19;69;Main List;138781722;39;76;;2.2, XXL, Fast-Paced, Nerve Control, Overall
20;Subsuming Vortex;4052;20;66;Main List;127997391;39;33;;2.2, Long, Circles, Chokepoints, Wave
21;Anathema;4014;21;77;Main List;112313819;39;52;;2.2, XL, Fast-Paced, Chokepoints, Nerve Control, Old Swing, Overall
22;Avernus;3976;22;67;Main List;89496627;39;78;;2.1, Long, Fast-Paced, High CPS, Ship, Wave
23;Acheron;3940;23;70;Main List;73667628;39;48;;2.1, Long, Fast-Paced, Timings, Ship, Wave, Chokepoints
24;Spectre;3904;24;75;Main List;110815379;38;63;;2.2, XL, Overall, Timings, Chokepoints, Nerve Control
25;Menace;3869;25;73;Main List;107805281;38;77;;2.2, XXL, Timings, Learny, Gimmicky, New Swing, Duals
26;Abyss of Darkness;3835;26;75;Main List;49896559;38;38;;2.1, XL, Slow-Paced, Overall, Timings, Wave, Chokepoints
27;Defeated Circles;3801;27;73;Main List;120012581;38;57;;2.2, Long, NONG, Circles, Timings, Wave
28;FOREST OF SPIKES;3768;28;66;Main List;145709435;;;;2.2, Long, Timings, Gimmicky, Cube, Ship, Ball, UFO, Wave
29;Tunnel of Despair;3736;29;79;Main List;91351939;38;45;;2.1, Long, Timings, Learny, Wave
30;Kyouki;3704;30;72;Main List;86018142;38;78;;2.1, Long, Fast-Paced, Clicksync, Flow, Overall
31;Sacrifice;3674;31;72;Main List;141052363;38;32;;2.2, XL, NONG
32;Based After Based;3643;32;74;Main List;110534288;38;78;;2.2, Long, Timings, Duals
33;cognitohazard;3613;33;75;Main List;130891319;;69;;2.2, Long, 2P, Memory, High CPS, Gimmicky, Duals, Overall
34;The Lightning Rod;3584;34;63;Main List;93917076;38;58;;2.1, Long, Learny, High CPS, Gimmicky
35;Maniacal Chains;3556;35;85;Main List;48991380;38;48;;2.1, Long
36;Slaughterhouse ;3527;36;75;Main List;27690100;37;43;;2.1, Long, NONG, Fast-Paced, Cube, Wave
37;Subterminal Point;3500;37;71;Main List;113599729;38;34;;2.2, Long, Timings, Chokepoints, Ship, Wave
38;KOCMOC;3473;38;73;Main List;87665224;38;49;;2.1, Long, Fast-Paced, Unbalanced, High CPS, Cube, Wave
39;BEING HOME;3446;39;73;Main List;130327668;38;35;;2.2, Long, Timings, Gimmicky, Slow-Paced, Cube, Ship, Robot, Duals
40;Deimos (ItsHybrid);3420;40;70;Main List;93091893;38;63;;2.1, XL, Timings, Overall
41;CHIL;3394;41;78;Main List;114281093;38;77;;2.2, Long, Fast-Paced, Learny, High CPS, Overall
42;zorin;3369;42;62;Main List;134541844;38;79;;2.2, XL, Timings, Learny, Gimmicky, Nerve Control, Cube
43;Prismline;3344;43;71;Main List;135148907;;45;;2.2, Long
44;Sakupen Circles;3320;44;69;Main List;76962930;37;46;;2.1, Medium, Fast-Paced, Circles, Wave
45;The Salt Factory;3296;45;66;Main List;113045735;37;68;;2.2, Long, NONG, Cube, Robot
46;Master of Puppets;3272;46;83;Main List;136396693;;28;;2.2, XXL+
47;Silentlocked;3249;47;68;Main List;113959291;37;34;;2.2, Long, Wave, Ship, Memory
48;Eyes in the Water;3226;48;71;Main List;95851008;38;62;;2.1, Long, Timings, Learny, High CPS, Memory, Ship, Overall
49;KOSETSU;3204;49;68;Main List;109439644;37;48;;2.2, Long, Timings, Chokepoints, Slow-Paced, Ship, Wave
50;CONVULSION;3182;50;64;Main List;113322063;38;69;;1.9PS, Long, Timings, Learny, Memory, High CPS, Ship, UFO
51;Through The Gates;3160;51;90;Main List;49072489;37;58;;2.1, Long, Timings, Chokepoints, Nerve Control, Overall
52;Firework;3138;52;71;Main List;75206202;37;68;;2.1, XL, Fast-Paced, Timings, Nerve Control, Overall
53;Voltage (ThePurgatory);3117;53;57;Main List;131599104;37;73;;2.2, Long, Timings, Chokepoints
54;NOMAD;3097;54;72;Main List;115077305;37;60;;2.2, Medium, NONG, Timings, Chokepoints, Cube, Ship, UFO
55;Snowbound;3076;55;68;Main List;120289520;37;60;;2.2, XL, Fast-Paced, High CPS, Flow, Nerve Control
56;NervHell;3056;56;64;Main List;143718114;37;91;;2.2, XL, NONG, Learny, Memory, Gimmicky, Nerve Control
57;poocubed;3036;57;66;Main List;85133223;37;59;;2.1, Long, Timings, Chokepoints, High CPS, Wave
58;Calibrate;3016;58;63;Main List;136981369;37;78;;2.2, Long, Fast-Paced, Timings, Learny, Wave, Overall
59;MINUSdry;2997;59;75;Main List;89414220;37;57;;2.1, Long, Overall, Timings, Chokepoints, High CPS, Cube, Ship, Old Swing
60;Saul Goodman;2978;60;70;Main List;90477539;37;56;;2.1, Long, Fast-Paced, Learny, Flow, Wave, Overall
61;Apocalyptic Trilogy;2959;61;73;Main List;113443235;37;30;;2.2, XXL, Nerve Control, Overall
62;The Hallucination;2941;62;66;Main List;81139702;36;51;;2.1, XL, Circles, Fast-Paced, Chokepoints, Learny, Flow, Nerve Control, Ship, Wave
63;Pinnacle of Life;2923;63;71;Main List;144012996;37;57;;2.2, Long, Nerve Control, Overall
64;COMBUSTION;2905;64;76;Main List;94359172;37;67;;2.1, Medium, Timings, Ship, Wave
65;Haunted Ship;2887;65;61;Main List;143523624;;84;;2.2, Long, NONG, Timings
66;Loops of Fury;2869;66;73;Main List;126571887;36;79;;2.2, XL, NONG, Timings, New Swing, Overall
67;Deadlier Clubstep;2852;67;70;Main List;96314787;37;40;;Long, Timings, Cube, Ship, 1.9PS
68;Sevvend Clubstep;2835;68;66;Main List;120255728;37;64;;2.2, Long, NONG, Clicksync, Timings, Overall
69;Stellar Night;2818;69;78;Main List;83244159;37;83;;2.1, Long, Timings, Learny, Flow, Overall
70;Edge of Destiny;2802;70;73;Main List;89187968;36;55;;2.1, XL, Timings, Nerve Control, Ship, UFO, Duals
71;Losing Your Mind;2785;71;67;Main List;139508889;;90;;2.2, Long, Clicksync, Learny, Gimmicky, Wave, Duals
72;Solar Flare;2769;72;69;Main List;90390075;36;68;;2.1, Long, Circles, Timings, Wave
73;The Catacombs;2753;73;60;Main List;104232191;37;55;;1.9PS, Long, Ship, Wave
74;LIMBO;2737;74;64;Main List;86084399;36;65;;2.1, XXL, Timings, Chokepoints, Unbalanced, Memory, Gimmicky, Nerve Control, Overall
75;Gaggatrondra;2722;75;68;Main List;114990369;36;89;;2.2, Long, NONG, Clicksync, Timings, Learny, High CPS
76;Make Paul Dance;2706;76;57;Main List;115860808;;83;;2.2, Long, Timings, Chokepoints, Learny, High CPS, Spider, Duals
77;Belladonna;2691;77;70;Main List;94969889;36;48;;2.1, Long, Fast-Paced, Timings, High CPS, Overall
78;Codependence (Solo);2676;78;78;Main List;62556400;36;;;2.1, XL, 2P, Fast-Paced, Timings, Unbalanced, Overall
79;Collapse (Nexel);2661;79;66;Main List;113256247;36;77;;2.2, XL, Clicksync, Fast-Paced, Timings, High CPS, Nerve Control, Wave, New Swing, Overall
80;Mayhem;2647;80;57;Main List;82544060;36;43;;2.1, Long, Fast-Paced, Timings, Chokepoints, Learny
81;CHROMACAVE;2632;81;82;Main List;131497860;36;68;;2.2, Long, Overall
82;The Plunge;2618;82;67;Main List;113220284;36;60;;2.2, Long, Timings, Chokepoints, Ship
83;Fracture;2604;83;66;Main List;99703915;36;51;;2.2, Long, Circles, Fast-Paced, Timings, Wave
84;Wavterminal;2590;84;73;Main List;128093374;35;89;;2.2, Long, Clicksync, Fast-Paced, Timings, High CPS, Ball, Wave, Spider
85;walter white;2576;85;65;Main List;81011195;36;47;;2.1, XL, Overall, Timings, Chokepoints, Nerve Control, Cube
86;Infinite Chaos;2562;86;70;Main List;119689515;36;71;;2.2, XXL, Learny, Nerve Control, Overall
87;BRITNEY NO SCLEARS;2549;87;76;Main List;125317359;36;64;;2.2, Long, Timings, Chokepoints, Cube, Ship
88;Operation Evolution;2536;88;76;Main List;114999625;36;70;;1.9PS, XXL+, Memory, Nerve Control
89;Damascus;2522;89;69;Main List;93339534;36;45;;2.1, XXL+, Fast-Paced, Chokepoints, Nerve Control, Overall
90;Decks Dark;2509;90;77;Main List;95719795;36;68;;2.2, XL, NONG, Learny, Gimmicky, Slow-Paced, Ship, UFO, Duals
91;SARYYX NEVER CLEAR;2497;91;74;Main List;95998005;36;60;;2.1, Long, Timings, Ship
92;The Yangire;2484;92;73;Main List;110500920;36;70;;2.2, XL, Nerve Control, Overall
93;Climax;2471;93;70;Main List;95049815;36;45;;2.1, Long, Clicksync, Fast-Paced, High CPS, Flow, Overall
94;ORDINARY;2459;94;74;Main List;105593215;36;32;;2.2, Long, Timings, Chokepoints, Cube
95;TrakineS;2446;95;77;Main List;125788781;36;68;;2.2, Long, Timings, Chokepoints
96;Sinister Silence;2434;96;69;Main List;82249742;36;54;;2.1, XXL+, NONG, Nerve Control, Overall
97;THE JET ENGINE;2422;97;71;Main List;122941596;36;68;;2.2, Long, Memory, High CPS, Gimmicky, Overall
98;Trickshot;2410;98;100;Main List;136135870;35;69;;2.2, Long, Fast-Paced, Flow, Wave
99;Midnight;2398;99;74;Main List;96083028;36;63;;2.1, Long, Overall, Clicksync, Fast-Paced, Chokepoints, High CPS
100;Doppler (Solo);2386;100;100;Main List;133489881;;;;2.2, Long, 2P
101;Cimmerian Shade;2375;;;Main List;93340783;35;48;;2.1, Long, Timings, Chokepoints, Wave
102;PSYCHOPATH (DeniPol);2363;102;70;Main List;103925676;36;40;;2.2, XL, Timings, Chokepoints, High CPS, Cube, Ship, Wave, Spider, Overall
103;arcturus;2352;103;74;Main List;72315402;35;56;;2.1, Long, NONG, Fast-Paced, Timings, Ship, Wave
104;Diabolic ClubStep;2341;104;100;Main List;73214186;;60;;2.1, Long, Timings, Overall
105;BEELINE (Solo);2330;105;71;Main List;93792764;34;;;2.1, Long, 2P, Clicksync, Fast-Paced, High CPS
106;DreamStep;2319;106;100;Main List;129235528;;69;;2.0, Long, Wave, Duals
107;Sonic Wave Infinity;2308;107;68;Main List;69685815;35;44;;2.1, XL, Circles, Chokepoints, Wave
108;Tartarus;2297;108;64;Main List;59075347;35;41;;2.1, Long, Timings, Chokepoints, Ship, Old Swing
109;Coalescence;2286;109;69;Main List;108708033;35;84;;2.2, Long, Overall, Clicksync, Fast-Paced, High CPS, Wave
110;Waterfall;2276;110;71;Main List;110991117;34;79;;2.2, Long, Timings, Chokepoints, Learny, Wave
111;Jigsaw;2265;111;70;Main List;95031870;35;70;;2.1, Long, Fast-Paced, Chokepoints, Learny, High CPS, Cube, Wave
112;Delta;2255;112;69;Main List;93917362;35;64;;2.1, XL, Fast-Paced, Learny, High CPS, Flow, Nerve Control, Overall
113;Between Duality;2244;113;100;Main List;137757402;35;76;;2.2, Long, Clicksync, Timings, Slow-Paced, Nerve Control, Ship, Wave, Overall
114;BPATA MPAKA;2234;114;71;Main List;109947627;34;69;;2.2, Long, Ship, Cube, Spider, UFO, Chokepoints
115;The Wonder of You;2224;115;100;Main List;94858072;36;86;;2.1, Long, Clicksync, Fast-Paced, Learny, High CPS, Wave
116;Natural Disaster;2214;116;71;Main List;107741051;35;71;;2.2, Long, Fast-Paced, High CPS, Wave
117;Dualist (Solo);2204;117;100;Main List;130464801;36;76;;2.2, Long, 2P, Timings, Overall
118;Sanctity;2194;118;100;Main List;135547923;;82;;2.2, Long, NONG, Clicksync, Fast-Paced, Timings, Chokepoints, Learny, High CPS, Flow, Ship, Wave
119;The Golden;2185;119;72;Main List;60978746;34;73;;2.1, Long, Fast-Paced, Nerve Control, Ship, Wave
120;Oblivion;2175;120;72;Main List;71025973;35;67;;2.1, Long, Timings, Flow, Chokepoints, Fast-Paced, Clicksync
121;Viprin UFO;2165;121;66;Main List;107238250;34;78;;2.2, Long, Timings, Chokepoints, Memory, UFO
122;NETWORK (Agat3);2156;122;76;Main List;95176417;35;54;;2.1, XL, Fast-Paced, High CPS, Nerve Control, Wave, Spider, Duals
123;ATOMIC CANNON Mk III;2147;123;66;Main List;104672501;34;66;;2.2, Long, Clicksync, Fast-Paced, Flow, Overall
124;Terminal Rampancy;2137;124;73;Main List;90057148;35;74;;2.1, Long, Timings, Chokepoints, Learny, Nerve Control, Duals
125;Verdant Landscape;2128;125;63;Main List;76543324;35;74;;2.1, XL, Fast-Paced, Learny, Flow, Overall
126;Levigo;2119;126;100;Main List;97086864;35;81;;2.1, Long, Timings, Cube, Ship, Overall
127;Heavenly Sakupen;2110;127;100;Main List;123467310;;68;;1.9PS, Medium, Fast-Paced, Timings, Chokepoints, Unbalanced, High CPS, Wave
128;UNKNOWN;2101;128;83;Main List;88203501;34;43;;2.1, Medium, NONG, Fast-Paced, Chokepoints, Unbalanced, High CPS, Wave
129;SPIRIT OVERCLOCK;2092;129;100;Main List;132751236;35;63;;2.2, Long, Timings, Overall
130;Shukketsu;2083;130;78;Main List;75286957;34;65;;2.1, Long, NONG, Clicksync, Fast-Paced, Timings, Chokepoints, Learny, High CPS
131;idontknowwhatthisis;2074;131;100;Main List;137334994;;55;;2.2, Medium
132;Checked Steam;2066;132;70;Main List;105748155;35;44;;2.2, Long, Chokepoints, High CPS, Gimmicky, Slow-Paced, Wave
133;Critical Heat;2057;133;69;Main List;88442157;34;59;;2.1, Long, Clicksync, Fast-Paced, Timings, Duals, Overall
134;WOBBLING MACHINE (Solo);2048;134;100;Main List;87130877;34;64;;2.1, Long, 2P, Clicksync, Timings, Ship
135;Crystal Crusher (Solo);2040;135;67;Main List;93732702;34;;;2.2, Long, 2P, Gimmicky, Wave
136;limbo but uwu ig idk;2032;136;77;Main List;110705712;35;79;;2.2, XL, Memory, Gimmicky, Wave, Duals
137;Graceful;2023;137;100;Main List;71885708;35;61;;2.1, XL, Chokepoints, Duals, Overall
138;paranoia (amplitron);2015;138;100;Main List;113364415;35;62;;2.2, Long, Fast-Paced, High CPS, Flow, Ship, Overall
139;Starlit Stroll;2007;139;100;Main List;115380769;35;74;;2.2, XL, Nerve Control, Ship, Wave, New Swing, Duals
140;The Paroxysm of Rage;1999;140;65;Main List;87071894;35;58;;2.1, Long, Overall, Timings, Ship, Wave
141;Blood Echo;1991;141;100;Main List;112242564;35;61;;2.2, Long, Clicksync, Timings, Wave
142;Aerial Gleam;1983;142;63;Main List;79771070;35;45;;2.1, Long, NONG, Circles, Wave
143;DISCONNECT;1975;143;100;Main List;127023313;35;74;;2.2, XL, NONG, Memory, Nerve Control
144;VOID;1967;144;100;Main List;100990392;35;52;;2.2, Long, Timings, Nerve Control, Cube, Ship
145;Henken;1959;145;100;Main List;80714349;35;70;;2.1, Long, Timings, Chokepoints, Ship, Wave, Overall
146;Trueffet;1951;146;69;Main List;71434979;34;60;;2.1, Long, Timings, Chokepoints, Learny, High CPS, Wave, Overall
147;azure blast;1944;147;100;Main List;120060187;34;51;;2.2, Long, Fast-Paced, Chokepoints, Flow, Overall
148;Kenos;1936;148;69;Main List;58673581;34;50;;2.1, Long, Fast-Paced, Chokepoints, Nerve Control, Wave
149;Fragile;1928;149;64;Main List;65588448;35;44;;2.1, Long, NONG, Fast-Paced, Timings, Unbalanced, Learny, High CPS, Nerve Control
150;chrome hearts;1921;150;100;Main List;128385946;35;57;;1.9PS, XL, Nerve Control, Ship, Wave
151;Starlight Summit;1913;151;100;Main List;114530859;34;77;;2.2, Medium, NONG, Timings, Robot
152;Esfera;1906;152;77;Main List;78435955;34;66;;2.1, XXL, NONG, Fast-Paced, Chokepoints, Learny, Nerve Control
153;Silent Lunch;1899;153;100;Main List;137586316;;71;;2.2, XXL+
154;Destruction 19;1891;154;82;Main List;99495619;34;76;;2.2, Long, Fast-Paced, Timings, Learny, High CPS, Flow
155;in this;1884;155;100;Main List;122389640;34;66;;2.2, Medium, Timings, Cube, Ball, UFO, Robot
156;NEUTRA;1877;156;80;Main List;88611404;34;76;;2.1, Long, Clicksync, Learny, Duals
157;ROCKBOTTOM;1870;157;100;Main List;122196131;35;42;;2.2, Long, Chokepoints, High CPS, Ship, Wave
158;Dark Dimension;1863;158;100;Main List;125617849;34;58;;2.2, Long, Fast-Paced, Duals, Overall
159;Swing Swing;1856;159;67;Main List;112231282;34;50;;2.2, Long, New Swing
160;Guideless Goobering;1849;160;100;Main List;105625871;33;55;;2.2, Long, Chokepoints, Memory
161;Hard Machine;1842;161;79;Main List;72744364;34;44;;2.1, Long, Timings, Chokepoints, Ship
162;DISSONANCE;1835;162;73;Main List;108141323;34;75;;2.2, Long, Timings, Learny, Gimmicky, Slow-Paced, Ship, Wave, Overall
163;Crackhead Circles;1828;163;67;Main List;95524621;34;51;;2.1, Long, Wave, Circles, Fast-Paced, High CPS, NONG
164;Time Lapse;1822;164;100;Main List;97705490;35;60;;2.2, Long, Clicksync, Flow, Overall
165;Zodiac;1815;165;75;Main List;52374843;33;47;;2.1, XXL, Chokepoints, Timings, Nerve Control, Overall
166;Lotus Flower;1808;166;70;Main List;75813671;33;91;;2.1, Long, NONG, Timings, Gimmicky, Slow-Paced, Ship, Robot, Duals
167;Scream Machine;1802;167;72;Main List;96035641;34;79;;2.1, XXL, Timings, Chokepoints, Nerve Control, Overall
168;Axinie;1795;169;77;Main List;107299600;34;62;;2.2, Long, Timings, Chokepoints, High CPS, Wave
169;GLUNGUS ADVENTURES;1788;170;100;Main List;138615726;34;58;;2.2, XL, Timings, High CPS, Gimmicky, Bossfight, Nerve Control, Wave
170;IRIS;1782;176;100;Main List;123853954;34;79;;2.2, Long, Fast-Paced, Learny, High CPS, Wave
171;Judgement Knights;1776;171;72;Main List;110913375;34;78;;2.2, Long, Clicksync, Fast-Paced, Learny, High CPS, Wave
172;Goober Rage Stage;1769;168;100;Main List;130183035;34;76;;2.2, Medium, Learny, Memory, Gimmicky, Robot
173;BLITZ;1763;172;100;Main List;137248479;;71;;2.2, Medium, Clicksync, Timings, Learny, Wave, New Swing, Duals
174;Widestep;1756;173;79;Main List;69289606;34;57;;2.1, Long, Fast-Paced, Timings, Chokepoints, Learny, Duals, Overall
175;Lithium;1750;174;100;Main List;97364686;33;80;;2.1, XL, Fast-Paced, Memory, Nerve Control, Overall
176;Keres;1744;175;64;Main List;74391640;34;54;;2.1, Long, Timings, Nerve Control, Ship, Overall
177;Galeforce;1738;177;100;Main List;115313314;33;74;;2.2, Long, Fast-Paced, Learny, High CPS
178;Frost Spirit;1732;179;77;Main List;95767653;33;60;;1.9PS, XL, NONG, Overall, Nerve Control, Cube, Ship, Ball
179;Ascent;1726;180;63;Main List;112046512;34;57;;2.2, Long, Chokepoints, Ship, Wave
180;Cold Sweat;1720;178;61;Main List;63996127;33;69;;2.1, Long, NONG, Fast-Paced, Timings, Learny, High CPS, Cube, Wave
181;Promethean;1713;181;85;Main List;69333212;34;63;;2.1, Medium, NONG, Chokepoints, Ship, Timings
182;Thinking Space;1708;182;84;Main List;54953085;33;74;;2.0, Long, Chokepoints, Unbalanced, Mirror, Nerve Control, Wave
183;Dry Out Copyable 2;1702;183;77;Main List;106522770;33;56;;2.2, XXL, Clicksync, Gimmicky, Nerve Control
184;Calculator Core;1696;184;59;Main List;58355141;33;62;;2.1, XXL, Fast-Paced, Timings, Nerve Control, Duals, Overall
185;Renevant;1690;185;60;Main List;58161496;33;64;;2.1, Long, Timings, Chokepoints, Learny, Overall
186;ConClusion;1684;186;58;Main List;96471171;33;83;;2.1, Long, Fast-Paced, Timings, Memory, Overall
187;We Are Not The Same (Solo);1678;187;100;Main List;90104288;33;;;2.1, Long, 2P, Timings, Chokepoints, Unbalanced, Learny, Nerve Control
188;Trotil;1672;188;65;Main List;94578424;33;67;;2.1, Long, Timings, Chokepoints, Learny, Wave
189;Disconnected Descent;1667;189;100;Main List;118664383;33;82;;2.2, XL, Chokepoints, Learny, Nerve Control, Overall
190;shimmer (amplitron);1661;192;55;Main List;94156085;33;61;;2.1, Long, Fast-Paced, Chokepoints, Learny, Flow, Overall
191;Instinct (Krazyman50);1655;190;55;Main List;94043690;33;60;;2.1, Long, Timings, Chokepoints, Ship
192;Sky Shredder;1650;191;49;Main List;88136707;33;75;;1.9PS, Long, Clicksync, Timings, Chokepoints, Ship, UFO, Wave
193;Crimson Planet;1644;193;53;Main List;45866767;33;58;;Long, Overall, High CPS, 2.1, Wave
194;DIRECTIONS;1639;194;45;Main List;88233955;33;66;;2.1, XL, Timings, Chokepoints, Learny, Slow-Paced, Cube, Ship, UFO, Spider, Mirror
195;Ringy Paracosm;1633;;;Main List;78745224;34;70;;2.1, Long, Circles, Clicksync, Fast-Paced, High CPS, Wave
196;Axiom Asterism;1628;196;100;Main List;114340057;33;75;;2.2, Long, Circles, Learny, Wave
197;Cycles X;1622;;;Main List;144087103;33;53;;2.2, Long, Timings, Chokepoints, Slow-Paced, Mirror, Cube, Ship, Ball, Robot
198;Indivine;1617;197;100;Main List;112586799;33;49;;2.2, XL, Circles, Nerve Control, Wave
199;Cosmic Cyclone;1612;201;66;Main List;76159410;33;55;;2.1, Long, Circles, Chokepoints, High CPS, Nerve Control, Wave
200;Cognition;1606;198;53;Main List;57600307;33;76;;2.1, Long, NONG, Fast-Paced, Timings, Learny, Cube, Overall
201;Neon Skyline;1601;199;100;Main List;88822041;33;57;;2.1, Long, NONG, Timings, Chokepoints, Learny
202;CORRODERE;1596;200;64;Main List;90597202;33;60;;2.1, Long, Timings, Chokepoints, Overall
203;ATOMIC CANNON Mk II;1590;195;49;Main List;91180835;33;62;;2.1, Long, Clicksync, Fast-Paced, High CPS, Flow, Overall
204;qoUEO;1585;;;Main List;81721025;33;65;;2.1, Medium, Timings, Nerve Control, Wave
205;SARY NEVER CLEAR;1580;203;69;Main List;33498127;33;61;;2.1, Long, Timings, Chokepoints, Mirror, Cube, Ship
206;Rigel;1575;206;100;Main List;93155813;33;65;;2.1, Long, Circles, Fast-Paced, Wave
207;Scrubbabingo force;1570;207;100;Main List;111193316;33;74;;2.2, Long, Memory, Gimmicky, Duals, Timings, Ship
208;Call Me Maybe;1565;208;100;Main List;80178903;32;58;;2.1, Long, NONG, Clicksync, Timings, Chokepoints, Ship, Old Swing, Duals
209;ta1LSD0ll;1560;205;100;Main List;115151904;33;75;;2.2, Medium, NONG, Clicksync, Fast-Paced, Learny, Wave
210;RUST;1555;209;58;Main List;71912451;32;67;;2.1, Long, Clicksync, Timings, Chokepoints, Learny, Nerve Control, Overall
211;SAND SAILOR;1550;210;100;Main List;88868682;33;63;;2.1, Long, Timings, Chokepoints, Learny, Cube, Ship, Duals
212;Gloxinia;1545;204;100;Main List;110038200;32;73;;2.2, XL, Flow, Nerve Control, Overall
213;meow hard;1540;212;100;Main List;111862459;33;83;;1.9PS, Long, Clicksync, Timings, Slow-Paced, Nerve Control, Duals, Overall
214;Lucid Nightmares;1535;213;50;Main List;52310333;33;56;;2.1, Long, Fast-Paced, Chokepoints
215;NYUTOPIA;1530;;;Main List;119829177;32;85;;2.2, Medium, Clicksync, Fast-Paced, Learny, High CPS, Wave
216;Cobwebs;1525;225;100;Main List;82172844;33;58;;2.2, Medium, NONG, Fast-Paced, Learny, High CPS, Wave, Overall
217;RUTHLESS;1520;214;65;Main List;85612571;33;66;;2.1, XL, Chokepoints, Nerve Control, Wave
218;Omega Interface;1516;220;45;Main List;68654380;32;57;;2.1, Long, Fast-Paced, Timings, Chokepoints, Learny, Wave
219;Coral Cave;1511;215;100;Main List;90891227;32;69;;2.1, Long, NONG, Timings, Overall
220;DOUBLE DYNAMO (Solo);1506;;;Main List;144845980;;;;2.2, Long, 2P, New Swing
221;Launchpad Labyrinth;1501;216;55;Main List;85426437;32;48;;2.1, Long, Timings, Chokepoints, High CPS, Slow-Paced, Bossfight, Ship
222;obsession;1497;218;100;Main List;127336234;;78;;2.2, Long, Fast-Paced, Learny, Ship
223;Tenkai (Solo);1492;222;100;Main List;64100176;33;66;;2.1, XL, 2P, Timings, Learny, Slow-Paced, Cube, Overall
224;SUPERHATEMEWORLD;1487;217;70;Main List;57571983;33;50;;2.1, Long, NONG, Timings, Chokepoints, High CPS, Slow-Paced, Ship, Ball
225;Akashic Records;1483;211;62;Main List;58150142;33;65;;2.1, XL, Fast-Paced, Timings, Wave, Overall
226;Shardscapes;1478;219;55;Main List;79997992;32;55;;2.1, Long, Timings, Robot, Slow-Paced
227;Sides Of My Mind (Solo);1474;223;49;Main List;91042484;32;;;2.1, Long, 2P, Timings, Learny
228;Horros (Solo);1469;224;49;Main List;85670310;32;;;2.1, Long, 2P, Slow-Paced, Nerve Control, Ship
229;Ykds1479ymdppr;1465;226;100;Main List;104464785;32;62;;2.2, Long, Chokepoints, Learny, Ship, Wave
230;Ragnarok;1460;227;63;Main List;55624478;32;55;;2.1, XXL, Chokepoints, Nerve Control, Overall
231;me when machine gang (Solo);1456;228;100;Main List;93281587;32;;;2.1, Long, 2P, Fast-Paced, Chokepoints, Unbalanced, Memory, Gimmicky, Bossfight, Nerve Control
232;Pandemonium (Cersia);1451;229;100;Main List;92583725;32;44;;1.9PS, XL, NONG, Clicksync, Fast-Paced, Chokepoints, Learny, Slow-Paced, Ship, Wave, Duals
233;The Art of the Blade;1447;230;74;Main List;82606722;32;60;;2.1, Long, Chokepoints, Memory, Gimmicky, Ship, Robot, Old Swing
234;Descent Into Exile;1442;231;68;Main List;77518059;32;45;;2.1, Long, Overall, Chokepoints
235;Deep Bass;1438;232;100;Main List;96383663;32;68;;2.2, Long, High CPS, Wave, Circles
236;Amalgam;1434;221;69;Main List;95675702;33;47;;2.1, Long, Clicksync, Timings, Gimmicky, Slow-Paced, Wave
237;The Rupture;1429;234;50;Main List;57828784;32;66;;2.1, Long, Overall, Fast-Paced, Timings, Learny, Ship, Wave
238;Jupiter My Favourite;1425;235;100;Main List;92466083;31;69;;2.1, Long, Timings, Memory, Gimmicky, Slow-Paced
239;Secret;1421;;;Main List;127092681;;53;;2.2, Long, Chokepoints, Flow, Wave, Duals
240;Magic;1417;;;Main List;128549587;32;93;;2.2, XXL, NONG, Clicksync, Fast-Paced, Learny, High CPS, Nerve Control, Wave, Overall
241;Silent Club;1412;236;52;Main List;68600127;31;45;;1.6, Long, Chokepoints, High CPS, Nerve Control
242;Kappa;1408;238;50;Main List;59800588;32;65;;2.1, Long, Overall, Fast-Paced
243;Porridge Factory;1404;;;Main List;127975974;33;68;;1.9PS, Medium, Clicksync, Fast-Paced, Timings, Overall
244;no jokes;1400;239;68;Main List;84507862;31;76;;2.1, Medium, Timings, Chokepoints, Learny, High CPS, Gimmicky, Cube, Ship
245;FARBIDI THEORY;1396;233;100;Main List;103373693;32;57;;2.2, Long, Timings, Chokepoints, Memory, Mirror, Cube, UFO, New Swing
246;Bloom;1392;;;Main List;124037637;;91;;2.2, XXL, NONG, Gimmicky, Slow-Paced, Nerve Control, New Swing, Duals
247;BIRD MACHINE LANDS;1388;;;Main List;113750365;;68;;2.2, Long, 2P
248;LD50;1383;240;100;Main List;103947139;32;80;;2.2, Long, NONG, Learny, High CPS, Gimmicky, Overall
249;the ocean of fish;1379;;;Main List;133286223;32;90;;2.2, XXL, Timings, Memory, Gimmicky, Slow-Paced, Nerve Control, Ship, Wave, Duals
250;DsinK;1375;265;100;Main List;98284764;32;86;;2.2, Long, Timings, Learny, Gimmicky, Ship, Wave, Spider, Duals
251;Nabil Let Go;1371;241;100;Main List;110965084;32;48;;1.9PS, Long, Overall, Timings, Wave
252;BarbarosFinaleFinale;1367;248;100;Main List;102712028;32;67;;2.2, Long, Fast-Paced, Timings, Bossfight, Ship, Wave
253;Sank;1363;;;Main List;112351854;32;72;;2.2, Long, Timings, Chokepoints, Gimmicky, Cube
254;Asterios;1359;242;53;Main List;60870688;32;74;;2.1, XL, Fast-Paced, Learny, Duals, Overall
255;Bloodlust;1356;243;56;Main List;42584142;31;59;;2.1, XL, Fast-Paced, Chokepoints, Nerve Control, Ship, Overall
256;Escape Room;1352;237;60;Main List;90420966;32;67;;2.1, Long, Timings, Overall, Cube, Nerve Control
257;Moving Forward;1348;264;100;Main List;99692910;32;61;;2.2, XL, Timings, Chokepoints, Learny, Gimmicky, Nerve Control, Overall
258;Excruciation Chamber;1344;252;100;Main List;93020424;32;56;;2.1, Long, Fast-Paced, High CPS, Wave
259;Terminux;1340;247;55;Main List;76865589;32;56;;2.1, Long, Chokepoints, Wave, Ship, Learny
260;Twilight;1336;249;100;Main List;90193093;32;64;;2.1, Long, High CPS, Wave
261;CITRA;1332;250;72;Main List;80966089;32;75;;2.1, Medium, Fast-Paced, Timings, High CPS, Flow, Overall, NONG
262;Disordered Stars;1329;;;Main List;131712402;32;84;;2.2, Long, Clicksync, Learny, Duals
263;IthacropoliX;1325;267;100;Main List;80293947;32;62;;2.1, XL, Overall, Fast-Paced, Timings, High CPS, Nerve Control, Cube, Ship, Ball, Wave
264;Awedsy;1321;251;100;Main List;92132505;31;64;;2.1, Long, NONG, Fast-Paced, Chokepoints, Wave, Overall
265;Nhelv;1317;273;57;Main List;68353244;31;77;;2.1, XL, NONG, Memory, Gimmicky, Nerve Control, Overall
266;Gustavo Fring;1314;274;100;Main List;80585951;31;57;;2.1, Long, NONG, Timings, Unbalanced, Cube, Ship
267;TORN;1310;245;52;Main List;91816388;31;65;;2.1, Long, Timings, Chokepoints, Slow-Paced, Cube, Wave
268;MewneI;1306;260;100;Main List;109447394;32;75;;2.2, XXL, Chokepoints, Learny, High CPS, Flow, Nerve Control, Wave, Overall
269;Gracefully;1302;254;58;Main List;88226064;31;54;;2.1, XL, Overall, Nerve Control, Cube, Ship
270;Deimos (EndLevel);1299;255;54;Main List;52955167;32;69;;2.1, XL, Timings, Overall
271;Jesse Pinkman;1295;246;59;Main List;79918576;32;77;;2.1, Long, Fast-Paced, Timings, Overall
272;Congregation;1292;257;51;Main List;68668045;31;57;;2.1, XXL, NONG, Timings, Nerve Control, Cube, Ball, Robot
273;Sazerix;1288;256;52;Main List;86787878;31;74;;2.1, Long, NONG, Fast-Paced, Wave
274;Sigma;1284;258;57;Main List;51657783;31;61;;2.1, XL, Learny, Chokepoints, Overall, Fast-Paced
275;Pootis Engage XTREME;1281;266;100;Main List;102243781;31;67;;2.2, Long, Timings, Memory, Chokepoints
276;Aronia;1277;261;62;Main List;60564010;32;65;;2.1, Long, Learny, Fast-Paced, Clicksync, High CPS, Duals, Overall
277;Exosphere;1274;;;Main List;93247638;32;48;;2.1, XL, NONG, Clicksync, Chokepoints, High CPS, Nerve Control
278;untitled unmastered;1270;262;65;Main List;82217720;32;49;;2.1, Long, NONG, Timings, Gimmicky, Ship
279;Pagoda;1267;263;61;Main List;77669659;32;58;;2.1, Long, Overall, Clicksync, Timings, Chokepoints
280;Knights of Thunder;1263;269;71;Main List;86412942;31;78;;2.1, Long, Fast-Paced, Learny, High CPS, Flow, Ship, Wave
281;X84;1260;;;Main List;110791899;31;93;;2.2, Long, Fast-Paced, Learny, High CPS, Flow, Wave, Duals
282;ATOMIC CANNON;1256;268;58;Main List;77681476;31;72;;2.1, Long, Clicksync, Fast-Paced, Timings, High CPS, Flow, Cube, Ball, UFO
283;Fog;1253;253;55;Main List;90853661;31;83;;2.1, Long, Clicksync, Fast-Paced, Timings, Chokepoints, Learny, High CPS, Cube
284;Cicatrize;1249;270;100;Main List;93941971;31;70;;2.1, Long, Clicksync, Fast-Paced
285;Dust Bowl;1246;291;100;Main List;94120931;32;60;;2.1, Long, Timings, Chokepoints, Memory
286;Ploink;1243;271;100;Main List;96590328;31;80;;2.1, Long, Cube, Timings, Fast-Paced, Learny
287;Strabit;1239;;;Main List;127865552;30;62;;2.2, Long, Clicksync, Fast-Paced, Timings, Chokepoints, Learny, High CPS, Overall
288;Astrion;1236;;;Main List;135703625;32;77;;2.2, Long, Clicksync, Fast-Paced, High CPS, Ship, Wave
289;Ari Om;1233;;;Main List;128938821;32;52;;2.2, Long, Timings, Ship, Wave, Spider, New Swing, Duals
290;SEVENTY SEVEN;1229;;;Main List;124006227;32;79;;2.2, Long, Fast-Paced, Timings, High CPS, Mirror, Ship, Ball, Wave, Spider
291;Fragmented;1226;290;100;Main List;71571300;31;59;;1.9PS, Long, NONG, Fast-Paced, Nerve Control, Wave
292;kowareta;1223;281;65;Main List;46763581;31;64;;2.1, Medium, NONG, Timings, Chokepoints, Learny, High CPS, Wave
293;FRIDAY;1219;275;100;Main List;94107500;32;80;;2.1, Long, NONG, Clicksync, Cube, Duals, Overall
294;End of the Universe;1216;;;Main List;122636906;32;93;;2.2, Long, NONG, Clicksync, Fast-Paced, Learny, Overall
295;Ouroboros;1213;277;58;Main List;56703691;31;59;;2.1, XL, Nerve Control, Timings, Bossfight, Overall
296;CONNECT;1210;278;100;Main List;95089240;32;63;;2.1, XXL, NONG, Memory, Gimmicky, Nerve Control, Overall
297;Visible Ray;1206;283;47;Main List;48267315;32;67;;2.1, XL, Overall, Chokepoints, Nerve Control
298;Ourwa;1203;279;100;Main List;61598653;31;76;;2.1, Long, Fast-Paced, Learny, High CPS, Flow, Duals
299;XRAY;1200;280;100;Main List;99465112;30;81;;2.2, XL, Fast-Paced, Chokepoints, Nerve Control, Overall
300;the wiener;1197;326;100;Main List;91019161;32;56;;2.1, Medium, NONG, Timings, Chokepoints, Gimmicky, Ball, Wave
301;Hardry;1193;297;100;Main List;94928487;31;51;;2.1, Long, Timings, Chokepoints, Cube, Ship
302;Apotheosis;1190;;;Main List;123730441;31;91;;2.2, Long, Clicksync, Fast-Paced, Learny, Duals, Overall
303;EGO KILLING;1187;298;100;Main List;90463207;31;37;;2.1, Medium, Timings, Chokepoints, Flow, Ship, Wave
304;Frozen Cave;1184;288;64;Main List;68908396;31;73;;2.1, Long, Clicksync, Timings, Chokepoints, Ship, Overall
305;Dump;1181;282;100;Main List;89513590;31;75;;2.1, Long, NONG, Timings, Chokepoints, Cube
306;SZYSLAK;1178;292;57;Main List;84114885;30;71;;2.1, Long, Timings, Wave
307;Th3Dev0n;1175;284;100;Main List;95929957;31;67;;2.1, Long, Chokepoints, Memory, Wave
308;The Yandere;1172;285;51;Main List;54615662;31;60;;2.1, XL, Chokepoints, Nerve Control
309;2 Comme le vent;1169;;;Main List;124596045;;53;;2.2, Long, 2P, Fast-Paced, Timings, Wave
310;Death Corridor Z;1166;;;Main List;38403655;31;49;;2.1, XL, Chokepoints, Nerve Control, Wave
311;Arctic Lights;1162;286;58;Main List;52919433;31;51;;2.1, Long, Circles, Fast-Paced, Chokepoints, Unbalanced, Wave
312;PROTON LAUNCHER;1159;244;100;Main List;108514663;31;80;;2.2, Long, Clicksync, Fast-Paced, Timings, High CPS
313;Dedohexdragon;1156;327;100;Main List;81998680;32;48;;1.6PS, Long, Timings, Cube, Ball, UFO
314;ROCKY ROAD;1153;;;Main List;113775365;31;88;;2.2, Long, Fast-Paced, Timings, Flow, Wave, Overall
315;Plasma Pulse Finale;1150;287;57;Main List;38655495;31;71;;2.1, XL, Timings, Learny, Chokepoints, Nerve Control
316;CHROMA FINALE;1147;294;57;Main List;72570152;31;61;;2.1, Long, Fast-Paced, Wave, Overall
317;Spectrum Cyclone;1145;300;52;Main List;59209010;31;80;;2.1, XL, Duals, Learny, Ship, Timings, Chokepoints, Nerve Control
318;Icefall;1142;;;Main List;92127272;30;71;;2.1, Long, Timings, Chokepoints, Ship, Duals
319;Storming Summit;1139;307;48;Main List;76653933;31;72;;2.1, XL, Nerve Control, Duals, Overall
320;CRIDIUM;1136;;;Main List;94390380;31;71;;2.1, Long, Fast-Paced, Chokepoints, UFO, Overall
321;Aquatic Auroras;1133;306;51;Main List;60740290;31;56;;2.1, Long, Circles, Fast-Paced, Wave
322;REPENTLESS;1130;293;100;Main List;87666648;31;62;;2.1, Long, Timings, Flow, Overall
323;Specthys (Solo);1127;;;Main List;123501215;31;80;;2.2, Long, 2P, Learny, Nerve Control, Ship
324;Alpha;1124;;;Main List;106362836;31;91;;2.2, Long, Timings, Chokepoints, Learny, Duals
325;Fever Dream (icedcave);1121;304;100;Main List;57571964;33;66;;2.1, Long, Fast-Paced, Chokepoints, High CPS, Ship, Wave
326;Shutdown;1118;308;58;Main List;78164953;30;80;;2.1, Long, Overall, Timings, Chokepoints
327;Retention Redux;1116;;;Main List;133286402;31;76;;2.2, Long, Learny, Duals
328;Calamity;1113;295;59;Main List;64766514;31;67;;1.9PS, XL, Wave, Duals, Fast-Paced, Ship
329;Cersia Madness;1110;364;100;Main List;83969616;31;50;;1.9PS, Long, Cube, Ship, Duals
330;Piano Woman;1107;;;Main List;112998648;;79;;2.2, Long, 2P, Clicksync, Timings, Gimmicky
331;RAM;1104;299;100;Main List;95440955;30;58;;2.1, Long, Timings, Chokepoints
332;GBS;1101;;;Main List;95294285;31;73;;2.1, Medium, Clicksync, Timings, Gimmicky, Ship, Wave, Spider
333;nevermore;1099;302;100;Main List;94761797;31;47;;2.1, Long, Timings, Slow-Paced, Wave
334;WORSTBRAINMAP;1096;289;100;Main List;102144924;31;80;;2.2, Long, Clicksync, Timings, Memory, Gimmicky, Ship, Wave
335;Technopunk;1093;;;Main List;124028429;30;64;;2.2, Long, Fast-Paced, Learny, Wave, Duals
336;Midnight Tokyo;1090;;;Main List;124249691;31;70;;2.2, Long
337;Sparkling;1088;313;52;Main List;77765367;31;63;;2.1, Long, NONG, Overall, Clicksync, Fast-Paced, Learny, Gimmicky
338;of Ambrosia;1085;324;100;Main List;81583127;29;52;;2.1, Long, Clicksync, Memory, High CPS, Wave, Spider
339;Mirrored Calamity;1082;311;57;Main List;59157630;31;70;;2.1, XL, Chokepoints, Nerve Control, Ship
340;Iris of a Puppeteer;1080;347;100;Main List;89243963;32;55;;2.1, XL, Timings, Chokepoints, Learny, Slow-Paced, Nerve Control, Cube, Ship, UFO, Wave
341;Requiem;1077;309;53;Main List;52303420;31;87;;2.1, Long, NONG, Chokepoints, Learny, Memory, Duals, Overall
342;Dance of the Violins;1074;319;100;Main List;91595507;30;57;;2.1, Long, Chokepoints, Ship, Ball, Wave
343;Eternal Moment;1071;314;62;Main List;59539361;30;72;;2.1, Long, Fast-Paced, Timings, Ship, Wave
344;Edge of the World;1069;332;100;Main List;83697006;30;84;;2.1, Long, NONG, Fast-Paced, Overall
345;Ghoul;1066;;;Main List;111751101;30;88;;2.2, Long, Fast-Paced, Learny, High CPS, Flow, Wave, Duals
346;RANDOM ACCESS MEMORY;1064;315;100;Main List;81372683;29;69;;2.1, Long, Learny, Memory, High CPS, Timings, Duals, Chokepoints
347;SisuSonic;1061;;;Main List;103035376;30;60;;2.2, XL, Fast-Paced, Timings
348;Beyond Hell;1058;316;100;Main List;77016475;30;59;;2.1, Long, Fast-Paced, Nerve Control, Ship, Wave
349;ConTroller;1056;310;100;Main List;79619086;30;86;;2.1, Long, Memory
350;SHIP;1053;;;Main List;107725613;31;78;;1.9PS, Long, Gimmicky, Ship
351;Omega;1050;317;57;Main List;59706883;30;67;;2.1, XL, Nerve Control, Chokepoints, Overall, Timings, Fast-Paced, High CPS, Learny
352;AKIRA;1048;296;64;Main List;88421468;30;77;;2.1, Long, Fast-Paced, Ship, Overall
353;Gamma;1045;318;51;Main List;39832454;30;74;;2.1, Long, Fast-Paced, High CPS, Learny, Chokepoints, Timings
354;Golden Club;1043;334;100;Main List;89490128;31;62;;2.1, Long, Overall, Timings, High CPS, Nerve Control, Wave
355;network (VanDerVals);1040;320;100;Main List;90400834;31;84;;2.1, Medium, Clicksync, Fast-Paced, Flow
356;Molten Gear;1038;342;52;Main List;62138313;29;57;;2.1, XXL, Overall, Learny, Bossfight, Nerve Control
357;Spacial Rend;1035;322;52;Main List;40292513;30;58;;2.1, XL, Chokepoints, Ship
358;Hyper Paracosm;1033;323;52;Main List;42117203;30;58;;2.1, Long, Circles, Timings, Chokepoints, Unbalanced, High CPS, Nerve Control, Wave
359;Collect All Pets;1030;325;100;Main List;93122250;29;63;;2.1, Long, Fast-Paced, Timings, Chokepoints, Flow, Overall
360;Time Extreme;1028;;;Main List;116730903;29;39;;2.2, Long, Timings, Mirror, Cube, Robot
361;Wasureta;1025;330;58;Main List;64658786;30;68;;2.1, Medium, NONG, Fast-Paced, Timings, Chokepoints, Learny, High CPS, Flow, Overall
362;Ryft;1023;328;100;Main List;87565954;30;59;;2.1, XL, Chokepoints, Nerve Control
363;Macabre;1020;331;60;Main List;56782662;30;70;;2.1, Long, Fast-Paced, Timings, Chokepoints, Ship
364;OVERKILL;1018;;;Main List;104027821;28;56;;2.2, Long, NONG, Clicksync, High CPS, Wave
365;Cybernetic Crescent;1015;329;62;Main List;66291197;30;66;;2.1, Long, Timings, Nerve Control, Ship
366;ELLIPSISM;1013;337;58;Main List;83914474;31;62;;2.1, Long, NONG, Timings, Wave
367;reeses potentially;1010;374;;Main List;81372788;30;34;;2.1, Long, Timings, Chokepoints
368;Sewers;1008;;;Main List;95564658;31;79;;2.2, Long, Timings, Chokepoints, Gimmicky, Slow-Paced, Cube, Robot
369;Sink (Awedsy);1005;333;49;Main List;77255632;30;64;;1.9PS, Long, NONG, Clicksync, Timings, Ship, Wave
370;the DEADLANDS;1003;;;Main List;104409280;29;40;;2.2, Long, Chokepoints, Memory, Gimmicky, Wave, Duals
371;FIFTY THREE;1001;;;Main List;90539291;30;70;;2.1, Long, Timings, Clicksync, Mirror, Fast-Paced, Nerve Control, Overall
372;ASHES;998;;;Main List;86196054;29;73;;2.1, XL, Fast-Paced, Learny, High CPS, Gimmicky, Ship, Wave
373;Necromancer;996;346;64;Main List;53443974;29;46;;2.1, Long, Timings, Slow-Paced, Overall, Cube, Chokepoints
374;Cersia Difficult;993;354;60;Main List;74840882;29;63;;Long, Slow-Paced, Gimmicky, Overall, 1.9PS
375;Shirakami;991;;;Main List;127148097;30;81;;2.2, Long, NONG, Clicksync, Learny, Ship, Wave, Duals
376;Rage;989;349;55;Main List;53878361;30;75;;2.1, Long, Timings, Learny, High CPS, Ship, Overall
377;ADOMANIA;986;;;Main List;97183213;30;87;;2.2, Long, Clicksync, Fast-Paced, High CPS, Wave
378;Kjdf8314jlfssf;984;305;100;Main List;96470224;29;74;;2.1, Long, Chokepoints, Timings, Wave, Cube, Ship
379;Sonic Wave Rebirth;982;339;64;Main List;68688849;29;42;;2.1, XL, Circles, Wave
380;Sonic Wave;979;340;65;Main List;26681070;29;44;;2.0, XL, Circles, Timings, Chokepoints, Unbalanced, Nerve Control, Wave
381;IMMORTALITY;977;;;Main List;75870303;;55;;2.1, Long, Timings, Overall
382;LUMINA;975;338;44;Main List;89488413;30;67;;2.1, XL, Timings, Nerve Control, Cube, Ball, Robot
383;In The Generator;972;;;Main List;116053545;30;74;;2.2, Long, Timings, Chokepoints, High CPS, Ship, Wave
384;Maniamatic;970;;;Main List;111158134;30;75;;2.2, Long, Timings, Learny, Duals, Overall
385;Honeycrisp;968;;;Main List;139946318;30;79;;2.2, Long, Clicksync, Timings, Chokepoints, Ship, Wave
386;Dual Pulse;965;;;Main List;122479302;30;69;;2.2, XXL, Nerve Control, Duals
387;Sephiroth;963;345;56;Main List;60620063;30;69;;2.1, XL, Nerve Control, Overall
388;BRKMGB8GJCZ;961;363;100;Main List;85153230;30;75;;1.9PS, Long, Chokepoints, Memory
389;Yatagarasu;959;348;51;Main List;28220417;29;57;;2.0, XL, Timings, Chokepoints, Unbalanced, Nerve Control, Ship, Old Swing, Overall
390;The Fog;956;;;Main List;114867361;29;71;;2.2, XL, Timings, Gimmicky, Nerve Control, Cube
391;Cosmic Ray;954;;;Main List;95831600;29;61;;2.1, XXL, Nerve Control, Overall
392;Cobalt hell;952;;;Main List;122060729;30;74;;2.2, Long, Timings, Chokepoints, Learny, Cube
393;Infinite Iniquity;950;341;53;Main List;59331091;30;80;;2.1, XXL, Timings, Chokepoints, Nerve Control, Overall
394;Devotion;948;;;Main List;81598025;30;61;;2.1, Long, NONG, Timings, Chokepoints, Learny, UFO, Wave, Overall
395;Kuzureta;945;366;45;Main List;71216292;29;60;;2.1, Long, NONG, Clicksync, Fast-Paced, Timings, Chokepoints, Learny, High CPS, Flow, Wave, Overall
396;Icotact;943;359;58;Main List;66203074;29;79;;2.1, Medium, Overall, Chokepoints, Wave
397;Shmarley Ville;941;343;100;Main List;81535535;29;73;;2.1, Long, Learny, High CPS, Timings, Fast-Paced, Overall
398;Sunset Sandstorm;939;372;39;Main List;55547703;29;72;;2.1, Long, Timings, Learny, Gimmicky, Slow-Paced, Cube
399;X0;937;350;;Main List;86795510;29;70;;2.1, Long, Learny, High CPS
400;Twisted Titanium;934;;;Main List;121267216;29;72;;2.2, Long, Ship, Wave, Duals
401;Edge of the Blade;932;351;56;Main List;61366470;30;68;;2.1, XL, Chokepoints, Nerve Control, Wave, Overall
402;Silentium Clavas;930;352;100;Main List;90129239;30;50;;2.1, Long, Timings, High CPS, Ship
403;Golden Flare;928;;;Main List;91071815;30;90;;2.1, XL, Circles, Timings, Memory, Nerve Control, Wave, Duals
404;The Hell Nutz;926;353;100;Main List;80146646;29;66;;1.9PS, Long, Mirror, Timings, Cube
405;xo;924;355;49;Main List;58825144;29;49;;2.1, XL, Clicksync, Timings, Chokepoints, Unbalanced, Learny, Slow-Paced, Nerve Control, Cube, Ship, Wave
406;Controlled Chaos;921;;;Main List;115650566;30;86;;2.2, XXL, Chokepoints, Learny, High CPS, Nerve Control, New Swing, Overall
407;Altered Ascent;919;373;53;Main List;60698989;28;62;;2.1, XL, Fast-Paced, Overall
408;Perfect Purgatory;917;;;Main List;139176104;;65;;2.2, Long, NONG, Fast-Paced, Timings, Chokepoints, Ship, Wave
409;super probably level;915;385;61;Main List;51584312;29;59;;2.1, Long, Clicksync, Timings, Chokepoints, Learny, Memory, Nerve Control, Cube
410;agg challenge 18;913;;;Main List;132391220;;91;;2.2, Long, Timings, Ship, Duals
411;Violet Illusions;911;272;100;Main List;96345801;32;53;;2.1, XL, Timings, Nerve Control
412;Molten Core;909;335;47;Main List;68414488;29;60;;2.1, Long, Wave, Circles, Fast-Paced, High CPS
413;Friday Vortex;907;400;100;Main List;69871779;29;68;;1.9PS, Long, NONG, Circles, Wave
414;GONER;905;344;56;Main List;77310650;29;85;;2.1, Long, NONG, Fast-Paced, Memory, Timings, Wave
415;Celestial Force;903;379;55;Main List;47237400;28;71;;XL, 2.1, Fast-Paced, Wave, Duals
416;NULLGATE;901;;;Main List;119185883;;60;;2.2, Medium, Clicksync, Fast-Paced, Timings, Learny, High CPS, Flow, Duals
417;Generic Wave;898;356;56;Main List;49576382;29;44;;2.1, XL, Wave, Circles
418;Thunderzone;896;;;Main List;63858842;29;53;;1.9PS, Medium, Clicksync, Chokepoints, Wave
419;Titan Complex;894;357;51;Main List;44022701;29;67;;2.1, XXL, Nerve Control, Overall, Chokepoints
420;Nunri;892;358;100;Main List;81107735;29;73;;2.1, Long, Overall
421;Loochiverse;890;336;52;Main List;81373023;29;82;;2.1, Medium, Clicksync, Chokepoints, Bossfight, Ship
422;BuZzKiLl;888;;;Main List;93450782;30;68;;2.1, Long, Fast-Paced, Flow, Overall
423;Atmos;886;259;100;Main List;96265352;29;74;;2.1, XL, Clicksync, Fast-Paced, Unbalanced, Nerve Control, Duals
424;Quantum Theory;884;360;100;Main List;78232736;30;65;;2.1, Long, Chokepoints, Memory, Overall
425;Instinct (ItsHybrid);882;;;Main List;92538968;29;78;;2.1, XL, Overall, Timings, Chokepoints, Nerve Control
426;Basil;880;;;Main List;98950709;30;80;;2.2, Long, NONG, Fast-Paced, Timings, Learny, High CPS, Overall
427;Freedom08;878;395;49;Main List;55274070;29;67;;2.1, XXL, NONG, Overall, Clicksync, Fast-Paced, Learny, High CPS, Flow, Nerve Control
428;Erebus (BoldStep);876;367;61;Main List;31462941;29;60;;2.1, Long, Timings, Chokepoints, Unbalanced, Ship
429;Delebit Oblivio;874;368;100;Main List;59134257;30;63;;2.1, XL, Fast-Paced, Bossfight, Wave, Ship, Cube
430;Echoes of Neon;872;;;Main List;125548376;29;88;;2.2, XL, Learny, High CPS, Nerve Control
431;Trxpping Eyebxlls;870;;;Main List;111451617;28;67;;2.2, Long, Fast-Paced, Chokepoints
432;The Reaper;868;370;50;Main List;68894921;29;70;;2.1, Long, Timings, Overall, Flow, Nerve Control, Wave, Chokepoints
433;Nightshade;866;371;100;Main List;83107375;29;74;;2.1, XXL, Memory, Learny, Nerve Control, Overall
434;Dark Flare;864;375;60;Main List;48942548;29;64;;2.1, XL, Fast-Paced, Overall
435;Luminosity;863;;;Main List;131210884;31;86;;2.2, Long, Timings, Chokepoints, Robot, New Swing
436;The Hell Tribute;861;;;Main List;108426292;28;68;;2.2, Long, Timings, Chokepoints, Mirror, Cube, Ship, UFO
437;Chromatic Haze;859;376;60;Main List;62869408;28;77;;2.1, Long, Clicksync, Fast-Paced, Flow, Overall
438;Ddiamond;857;377;100;Main List;74034217;29;65;;2.1, XL, Timings, High CPS, Cube, Ship, Wave
439;The Mainframe;855;;;Main List;86050887;28;83;;2.1, Long, Chokepoints, Memory, Gimmicky, Robot, Spider
440;Timor;853;384;60;Main List;65969451;28;66;;2.1, Long, Timings, Ship, Wave, Chokepoints
441;Tapwreck;851;380;50;Main List;58306889;29;52;;2.1, Long, NONG, Chokepoints, High CPS, Slow-Paced, Wave
442;PARALLELIZATION;849;;;Main List;141725214;29;82;;2.2, Long, Ship, UFO, Wave, Duals
443;RELENTLESS;847;381;55;Main List;74361921;28;66;;2.1, Long, Fast-Paced, Chokepoints, Wave
444;WOW;845;386;46;Main List;49291867;28;63;;2.1, XL, Fast-Paced, High CPS, Clicksync, NONG
445;Quantum Dynamix;843;428;100;Main List;79244693;28;54;;2.1, Long, Chokepoints, Ship
446;Ascension;842;;;Main List;107743292;28;63;;2.2, XXL, NONG, Overall, Chokepoints, Nerve Control
447;Glory;840;;;Main List;97063869;30;56;;2.1, XL, Flow, Overall
448;Farthest Outpost;838;276;100;Main List;95138230;29;68;;2.1, Long, Timings, Ship, Wave
449;Stygian Machinery;836;393;64;Main List;64554339;29;70;;2.1, XL, Learny, Nerve Control, Wave, Ship
450;Jamboree;834;396;100;Main List;74821587;29;61;;2.1, Long, Fast-Paced, Chokepoints, Wave
451;Charge;832;;;Main List;118997500;29;50;;2.2, Long
452;Come to Daddy;830;;;Main List;115238970;;66;;2.2, XXL+, NONG, Learny, Nerve Control, Cube, UFO, New Swing
453;Lucid Chaos;829;392;61;Main List;62817170;28;73;;2.1, XL, Timings, High CPS, Nerve Control, Overall
454;Catalyze;827;389;55;Main List;50333567;28;64;;2.1, Long, Fast-Paced, Timings, Chokepoints, Nerve Control, Wave, Overall
455;Framework;825;388;100;Main List;82748921;28;71;;2.1, Long, Fast-Paced, High CPS, Gimmicky, Ship, Wave, Spider, Duals
456;Devil Vortex;823;383;71;Main List;32969607;29;50;;2.1, Long, Chokepoints, Wave, Old Swing, High CPS
457;Dole Damos;821;412;100;Main List;79922944;28;78;;2.1, Long, Learny, Duals
458;Dreams;819;391;100;Main List;85052828;29;47;;2.1, Long, Timings, Cube
459;Factory Realm X;818;410;54;Main List;37792861;28;74;;2.1, Long, Fast-Paced, Timings, Chokepoints, Learny, Duals
460;DubKore X;816;378;55;Main List;75455769;29;61;;2.1, Long, Timings, Chokepoints, Slow-Paced, Cube, Ship, Wave
461;Next Stage;814;;;Main List;132898839;30;90;;2.2, XXL, NONG, Gimmicky, Bossfight, Nerve Control, Wave, Overall
462;ConFusion;812;387;100;Main List;84960998;28;85;;2.1, Long, Timings, Memory, Overall
463;Yuh;811;433;100;Main List;62557486;27;54;;2.1, XL, Overall, Timings, Chokepoints, Ship
464;Paroxysm;809;394;53;Main List;42631377;28;66;;2.1, Long, Timings, Chokepoints, Overall
465;Photovoltaic II;807;397;65;Main List;49588510;28;56;;2.1, XL, Overall, Nerve Control, Ship
466;Retention Rush;805;369;100;Main List;81906166;27;82;;2.1, Long, Fast-Paced, Timings, Memory, Cube, Wave
467;Raisins;803;390;100;Main List;81429222;28;55;;2.1, Long, Timings, Ship, Ball
468;Infinite Highway;802;;;Main List;107577349;29;68;;2.2, XL, Timings, Learny
469;Lateral Myst;800;399;100;Main List;63959337;27;61;;2.1, Long, Timings, Slow-Paced, Ship
470;MIAMI;798;;;Main List;130673921;;73;;2.2, Long, Clicksync, Fast-Paced, Chokepoints, High CPS, Flow, Overall
471;Pingas21;796;;;Main List;92844445;29;58;;2.1, Long, Clicksync, Timings, Ship, UFO
472;IMAPHONE;795;401;100;Main List;81656376;28;61;;2.1, Long, Fast-Paced, Learny, Cube, Wave, Spider
473;Tenochtitlan;793;;;Main List;94464877;30;61;;2.1, Long, Timings, Chokepoints, Slow-Paced, Cube, Wave
474;FIREPOWER (Sillow);791;;;Main List;89876243;28;65;;2.1, XL, Circles, Wave, Nerve Control, Duals, Fast-Paced, Old Swing, Learny, Ship, Overall
475;Phantasma;790;;;Main List;97013293;28;64;;2.1, XL, Timings, Chokepoints, Overall
476;0 Techno;788;;;Main List;124217193;28;67;;2.2, Long, Overall
477;Iterate;786;;;Main List;140981711;;82;;2.2, XL, Nerve Control, Overall
478;lacy;784;;;Main List;131645354;30;84;;2.2, XL, NONG, Timings, Nerve Control, Ship, Duals
479;inanimate INSANITY;783;403;100;Main List;82225395;29;43;;2.1, XL, Timings, Chokepoints, Gimmicky
480;Luxtra;781;430;100;Main List;65332454;28;61;;2.1, Long, Chokepoints, Learny, Overall
481;Bitcrusher;779;;;Main List;84791108;29;68;;2.1, Long, Timings, Memory, Mirror, Overall
482;POW;778;;;Main List;118515795;30;81;;NONG, 2.2, XL, Timings, Chokepoints, High CPS, Fast-Paced, Clicksync, Overall
483;Death;776;;;Main List;98929172;27;90;;XXL+, Slow-Paced, Nerve Control, Memory, 2.2, Overall
484;Apollo 11;774;402;100;Main List;83164497;28;86;;2.1, XXL, Timings, Learny, Gimmicky, Nerve Control, Ship, Duals
485;SUPER SERIOUS WORLD;773;;;Main List;112491891;28;75;;2.2, Long, NONG, Fast-Paced, Timings, Nerve Control, Overall
486;TheCinnyBun;771;407;100;Main List;77134293;27;69;;2.1, Long, Fast-Paced, Chokepoints, Unbalanced, High CPS, Wave
487;Cadrega City;769;408;54;Main List;37255449;28;66;;2.1, Long, Timings, Duals, Overall
488;Digital Descent;768;405;56;Main List;37456092;28;64;;2.1, XL, Fast-Paced, Chokepoints, Unbalanced, Nerve Control, Wave, Overall
489;Stalemate Redux;766;406;54;Main List;37398911;28;65;;2.1, Long, Timings, High CPS, Wave, UFO
490;ZAPHKIEL;764;409;56;Main List;36329434;28;69;;2.1, Long, Timings, Wave, Chokepoints
491;Omicron;763;416;57;Main List;63560498;28;68;;2.1, XXL, Clicksync, Flow, Nerve Control, Overall
492;Xronier;761;;;Main List;88913586;27;87;;NONG, 2.1, Medium, Fast-Paced, Timings, Learny, High CPS, Cube, Robot
493;Springtime;759;411;100;Main List;76166083;28;54;;2.1, XXL, Chokepoints, Nerve Control
494;snowing in las vegas;758;;;Main List;128647654;28;75;;2.2, XL, Timings, Ship, Wave
495;RGB;756;413;100;Main List;74343352;29;69;;2.1, Long, Overall, Timings, Chokepoints, UFO, Duals
496;Jard Factory;754;;;Main List;122696570;27;63;;2.2, XL, Timings, Chokepoints, Slow-Paced, Nerve Control, Cube, Ship
497;Through time;753;;;Main List;106190708;27;41;;2.2, XL, Chokepoints, Learny, Nerve Control
498;Adelucid;751;;;Main List;111368620;28;82;;2.2, Long, Learny, Duals, Overall
499;RAINBOW GIRL;750;;;Main List;103062165;28;74;;2.2, Medium, Fast-Paced, Learny, Flow
500;Delete File;748;;;Main List;122524835;28;75;;2.2, Long, Memory, Duals
501;SOLEIL;746;;;Main List;122934061;27;88;;2.2, XL, Timings, Nerve Control, Ship, Wave
502;GREFG;745;;;Main List;134430850;28;65;;2.2, XL, Learny, High CPS, Nerve Control, Ship, Wave, Overall
503;ABEL;743;;;Main List;86595871;26;82;;2.1, Long, NONG, Fast-Paced, Learny, Memory, Gimmicky, Wave
504;very rusty pipeline;742;;;Main List;95314059;28;63;;2.1, Long, Timings, Wave
505;lovel;740;;;Main List;101288192;28;79;;2.2, Long, Fast-Paced, Learny, Memory, Wave, Duals
506;Illusion;738;;;Main List;96015816;30;73;;2.2, Long, Timings, Chokepoints, Learny, Duals, Overall
507;Auroral Darkness;737;420;100;Main List;63851728;27;68;;2.1, Long, Fast-Paced, Cube, Ship, Overall
508;Tempered Steel;735;417;49;Main List;59270436;27;68;;2.1, Long, Chokepoints, Fast-Paced, Timings, Wave
509;ameliorate;734;382;100;Main List;87335575;26;69;;2.1, XXL+, Timings, Learny, Gimmicky, Overall
510;poocu4ever;732;;;Main List;95999072;29;59;;2.1, XXL, Timings, Learny, High CPS, Nerve Control
511;Solarion;731;421;100;Main List;47171509;28;68;;2.1, Long, Chokepoints, Cube, Ship, UFO, Wave, Old Swing
512;SoulbounD;729;;;Main List;92699256;30;51;;2.2, Long, Timings, Chokepoints, Learny, Gimmicky, Slow-Paced, Nerve Control, Ship
513;x steampunk x;728;;;Main List;112690401;28;80;;2.2, XL
514;Killbot;726;415;60;Main List;38754426;27;80;;2.1, Long, Fast-Paced, Memory, Duals, NONG
515;Demonicat;724;422;54;Main List;41058711;28;53;;2.1, Long, Fast-Paced, Chokepoints, High CPS
516;NetzWerk;723;;;Main List;93267614;28;69;;2.1, Long, Timings, Overall
517;vaenstep;721;418;100;Main List;79242390;27;81;;2.1, Long, Clicksync, Fast-Paced, High CPS, Ship, Wave
518;Delta Interface;720;414;51;Main List;45094581;27;68;;2.1, XL, Nerve Control, Ship, Wave, Overall
519;The Moon Below;718;398;100;Main List;79484035;27;66;;2.1, XL, Timings, Memory, Slow-Paced, Nerve Control, Cube, Ship
520;Video;717;;;Main List;125713603;28;91;;2.2, XXL+, NONG, High CPS, Gimmicky, Nerve Control, Ship, Wave, Duals
521;find the answer;715;;;Main List;111797205;26;84;;2.2, XL, Clicksync, Learny, Gimmicky, Nerve Control, Ship, Spider, Duals
522;Artificial Ascent;714;426;53;Main List;27122654;27;61;;2.0, XL, Fast-Paced, Timings, Chokepoints, Ship, Overall
523;Budding Roses;712;;;Main List;113824520;28;68;;2.2, Long, Clicksync, Timings, Ship, Overall
524;Fabrication;711;424;54;Main List;33983930;27;64;;2.1, XXL, Overall, Chokepoints, Learny, Memory, Nerve Control
525;Edelweiss;709;;;Main List;85393418;27;85;;2.1, Long, Fast-Paced, Timings, Learny, High CPS, Cube, Wave
526;Effect II;708;427;100;Main List;81149042;28;63;;2.1, Long, Timings, Duals
527;TURN THE LIGHTS OFF;706;;;Main List;94383049;27;82;;2.1, Long, NONG, Clicksync, Fast-Paced, Chokepoints, Learny, Nerve Control
528;Power Grid;705;321;100;Main List;93516660;27;76;;2.1, Long, Clicksync, Timings, Overall
529;Stereo Extremeness;703;;;Main List;85383554;27;40;;2.1, Long, NONG, Timings, Learny, Cube, Ship, Robot
530;Future Chaos;702;429;100;Main List;81435156;27;83;;2.1, Long, Timings, Chokepoints, Learny, Memory, Ship, UFO, Wave
531;Low Death;700;493;100;Main List;60603962;27;51;;2.1, XXL, NONG, Timings, Chokepoints, Ship, Nerve Control
532;I Cry;699;;;Main List;131768174;27;53;;1.9PS, Long, NONG, Circles, Fast-Paced, Chokepoints, Memory, High CPS, Wave
533;Nightmare Chasm;697;;;Main List;86291702;27;81;;2.1, XL, Overall, Learny, Nerve Control
534;Occult Outcry;696;431;56;Main List;62119245;28;68;;2.1, Long, Timings, Learny, Memory
535;Step To Hell;694;419;67;Main List;34489220;28;49;;2.1, XL, Chokepoints, Unbalanced, Gimmicky, Ship
536;Absolute Anarchy;693;;;Main List;123819159;28;61;;2.2, Long, Fast-Paced, Timings, Learny, Flow, Duals
537;Bete Noire;692;;;Main List;95255152;28;59;;2.1, Long, Circles, Fast-Paced, Timings, Cube, Wave
538;Belloq;690;443;53;Main List;55610687;27;64;;2.1, XL, Clicksync, Fast-Paced, Learny, High CPS, Flow, Nerve Control, Duals, Overall
539;Crystal;689;445;100;Main List;73645039;27;68;;2.1, Long, Clicksync, Fast-Paced, Timings, Flow, Ship, Wave, Overall
540;Diamond Disco;687;;;Main List;117862884;28;77;;2.2, Long, Clicksync, Fast-Paced, Timings, Learny, High CPS, Gimmicky, Flow
541;2 1 1;686;478;100;Main List;63514295;27;64;;2.1, XL, Fast-Paced, Ship, Wave, Duals, Overall
542;Night Rider;684;437;100;Main List;78051190;27;74;;2.1, XL, Learny, Timings, Chokepoints, Duals, Nerve Control
543;Funnyname Funnygame;683;;;Main List;88351555;27;73;;2.2, XXL, Memory, Mirror, Nerve Control, Duals, Overall
544;Fabulous;681;;;Main List;115089412;26;78;;2.2, Long, Clicksync, Timings, Duals, Overall
545;Aesthetic;680;432;60;Main List;60020026;28;60;;2.1, Long, Fast-Paced, Flow, Overall
546;Polygonal Paradox;679;434;100;Main List;81041659;27;84;;2.1, Long, Timings, Chokepoints, Duals
547;Floating Outskirts;677;;;Main List;95435650;30;90;;2.1, XL, NONG, Timings, Chokepoints, Gimmicky, Nerve Control
548;IMOISTAR;676;;;Main List;108821040;26;82;;2.2, Long, Overall, Fast-Paced, Timings, Cube, Ship
549;Pandemonium (Yakimaru);674;462;100;Main List;72082021;26;55;;XL, Nerve Control, Wave, 2.1
550;QOLLABOS;673;;;Main List;127517484;27;66;;2.2, XL
551;Black Flag;672;423;100;Main List;79006927;27;73;;2.1, XL, Clicksync, Learny, High CPS, Nerve Control, UFO, Spider
552;Missing Benefits;670;435;63;Main List;47043002;28;69;;2.1, Long, Learny, Gimmicky, Chokepoints, High CPS
553;Bass Cave;669;454;50;Main List;12437428;28;53;;2.1, Long, Fast-Paced, Timings, Ship, Wave
554;Agony;667;;;Main List;111864313;27;79;;2.2, XL, Timings, Nerve Control, Ship, Spider, New Swing, Overall
555;Mind Control;666;436;100;Main List;77487419;27;75;;2.1, Long, Fast-Paced, Timings, High CPS, Ship
556;Auroral Ascent;665;;;Main List;122872017;26;94;;2.2, Long, Clicksync, Timings, Learny, Duals
557;Quantum Processing;663;439;58;Main List;38235367;27;44;;2.0, Long, Timings, Chokepoints, Slow-Paced, UFO, Wave
558;Dualies;662;;;Main List;83327980;27;78;;2.1, Long, Clicksync, Gimmicky, Mirror, Duals, Overall
559;Insane Techniques;660;;;Main List;80529928;28;73;;NONG, 2.1, XL, Fast-Paced, Clicksync, Learny, Flow, High CPS, Nerve Control, Overall
560;VIPER;659;;;Main List;135904756;;73;;2.2, Long, Chokepoints
561;Chainsaw;658;;;Main List;88761395;27;65;;2.1, Long, Chokepoints, Memory, Gimmicky, Overall
562;Biohazard (mattsstuff);656;;;Main List;103777677;27;50;;2.2, Long, Circles, Fast-Paced, Wave
563;Vantablack;655;;;Main List;115387568;;70;;2.2, XL, Clicksync, Fast-Paced, Learny, Wave, Duals, Overall
564;Black Blizzard;654;459;40;Main List;34057654;27;68;;2.1, Long, Fast-Paced, Timings, Chokepoints, Gimmicky, Nerve Control, Cube, Duals, Overall
565;distraught;652;455;56;Main List;55224007;27;72;;2.1, Long, Fast-Paced, Timings, Chokepoints, Learny, High CPS, Cube, Ship, Wave
566;Neurostasis;651;;;Main List;95281931;27;92;;2.1, XL, Gimmicky, Memory, Clicksync, Nerve Control, Ship
567;Ethereal Artifice;650;425;54;Main List;58252259;27;79;;2.1, XL, High CPS, Fast-Paced, Nerve Control, Wave
568;SECTOR 19;648;463;100;Main List;76358953;27;52;;2.1, Long, Timings, Chokepoints, Ship, Wave
569;Quaoar (Flosia);647;447;100;Main List;73294395;28;62;;2.1, XL, Overall, Chokepoints, Learny
570;Free For All 2;646;;;Main List;92766615;26;79;;2.1, XXL+, NONG, Overall, Chokepoints, Learny, Gimmicky, Nerve Control
571;Flyway;644;;;Main List;93873140;27;67;;2.1, Medium, Fast-Paced, Chokepoints, Learny, Ship
572;DESOLATE;643;;;Main List;89487717;26;89;;2.1, Long, Timings, Cube
573;REDEEMER;642;;;Main List;121553777;27;92;;2.2, XXL+, Chokepoints, Learny, Gimmicky, Nerve Control, Ship
574;LinuGi;640;;;Main List;110453667;26;44;;2.2, Long, Clicksync, Timings, Chokepoints, Overall
575;Astral Divinity;639;476;100;Main List;58811846;27;48;;2.1, Long, Fast-Paced, Gimmicky, Overall
576;SnowFall Fiesta;638;;;Main List;79023478;27;77;;2.1, Long, Overall, Chokepoints
577;Glowy;636;444;52;Main List;37361518;26;74;;2.1, XXL, Timings, Chokepoints, Nerve Control, Ship
578;SyrEX;635;;;Main List;96314756;27;63;;2.1, Long, Fast-Paced, Chokepoints, Wave
579;cloud;634;;;Main List;128236384;26;68;;2.2, Long, Clicksync, High CPS, Ship, Wave
580;Glitched Memories;632;480;100;Main List;55382704;27;70;;2.1, XL, Timings, Chokepoints, Learny, Nerve Control, Ship
581;Static Ignition;631;457;100;Main List;73335285;26;67;;2.1, Long, Timings, Ship
582;Disaster Dive;630;;;Main List;81280541;26;63;;2.1, XL, Overall
583;MISFIRE;628;365;100;Main List;88244926;26;81;;2.1, Long, NONG, Clicksync, Chokepoints, Flow, Overall
584;rosedynamix;627;362;100;Main List;84140347;27;67;;2.1, Long, Fast-Paced, Chokepoints, Wave
585;La Cueva;626;;;Main List;86512847;28;64;;2.1, Long, Overall, Fast-Paced, Learny, Wave
586;Rate Demon;625;448;61;Main List;44860762;26;70;;2.1, Long, Cube, Ship, Robot
587;Void Wave;623;449;60;Main List;59620684;26;61;;2.1, XXL, Fast-Paced, Learny, Flow, Nerve Control
588;Faded Dream;622;;;Main List;86233175;26;85;;2.1, Long, Clicksync, Chokepoints, Learny, Nerve Control, Ship, Duals, Overall
589;Bausha Vortex;621;450;52;Main List;30380566;27;62;;2.1, Long, Circles, Fast-Paced, Timings, Cube, Wave
590;BuTiTi III;619;471;62;Main List;57433866;27;61;;2.1, Chokepoints, Timings, Duals, Overall, XL
591;Spectrum Rave;618;451;100;Main List;72308725;26;65;;2.1, Long, Overall, Fast-Paced, Chokepoints, Learny, Cube
592;Never Beat It;617;452;100;Main List;72767469;28;45;;1.9PS, XXL, Timings, Learny, Mirror, Nerve Control, Overall
593;Balengu Vortex;616;453;59;Main List;55385816;27;74;;2.1, Long, Circles, Fast-Paced, Timings, Chokepoints, Cube, Wave
594;BBBBBBBBBBBBBBBBBBBB;614;441;58;Main List;47446042;27;54;;2.1, Long, Timings, Chokepoints, Overall
595;EnCrypted;613;;;Main List;90338016;27;79;;2.0, Long, Memory, Gimmicky, Overall
596;Sinister Incision;612;456;100;Main List;66004550;27;58;;2.1, Long, Learny, Chokepoints, Timings, Nerve Control, High CPS
597;SHOWDOWN (berrytg);611;;;Main List;139470303;;68;;2.2, Long, Fast-Paced, Learny, Flow, Wave, Overall
598;Reactor Core;609;;;Main List;96527678;27;60;;2.1, XXL, Nerve Control
599;Prisma;608;;;Main List;81754967;25;71;;2.1, XL, Nerve Control, Overall
600;DMG CTRL;607;473;100;Main List;73733373;26;64;;2.1, Long, Timings, Ship, Wave
601;Spirit House;606;;;Main List;90628157;26;53;;2.1, Long, Fast-Paced, Chokepoints
602;Collapse (fwefwe);604;;;Main List;95327529;27;73;;2.1, Long, Fast-Paced, Timings, Overall
603;Visurient;603;;;Main List;69286050;26;63;;2.1, Long, Fast-Paced, Timings
604;STICKS FOR BONES;602;;;Main List;85219126;26;62;;2.2, XL, Timings, Gimmicky, Slow-Paced, Nerve Control, Cube
605;Spin Cycle;601;;;Main List;136108156;27;82;;2.2, Long, Gimmicky, Mirror, Overall
606;The Hell Zone;599;442;51;Main List;22259203;27;55;;2.0, Long, Timings, Chokepoints, Mirror, Cube, Ball
607;no twilight;598;;;Main List;131087025;;90;;2.2, Long, Timings, Ball, Robot, Spider, Duals
608;Magnificent Gaps;597;;;Main List;110769422;27;51;;2.2, Long, 2P, Chokepoints, Slow-Paced, Ship
609;eternal entropy;596;;;Main List;75766713;26;47;;2.1, Long, Chokepoints, Ship, Wave
610;The Hell Field;595;438;50;Main List;51556877;26;59;;2.1, Long, Timings, Slow-Paced, Mirror, Cube
611;CHROMA II;593;470;100;Main List;70187443;26;74;;2.1, Long, Fast-Paced, Timings, Wave, Overall
612;Air Fryer;592;;;Main List;112468252;26;80;;2.2, Long, Fast-Paced, Learny, High CPS, Ship
613;Hyperliminal;591;;;Main List;123356141;25;95;;2.2, XL, Learny
614;Ziroikabi;590;461;52;Main List;44773500;27;70;;2.1, Long, Timings, Learny, Wave, Cube
615;Furious Flames;589;465;53;Main List;38626107;27;68;;2.1, Long, Timings, Chokepoints, Gimmicky, Overall
616;Hyperchaos;587;;;Main List;95336503;26;69;;2.1, Long, Timings, Chokepoints, High CPS, Gimmicky, Overall
617;silent hills;586;;;Main List;116837965;27;52;;2.2, Long, Flow, Overall
618;The Sulphur Sea;585;;;Main List;81548163;26;88;;2.1, XL, Fast-Paced, Timings, Learny, High CPS, Gimmicky, Bossfight, Cube, Ship, Overall
619;Bordon Factory;584;;;Main List;127868119;26;83;;2.2, XXL, Clicksync, Learny, Gimmicky, Bossfight, Nerve Control
620;Hatred;583;464;47;Main List;27580467;26;57;;2.0, Long, Timings, Chokepoints, Unbalanced, Slow-Paced, Cube, Ball, Wave
621;Breakout Redux;581;491;52;Main List;48329084;27;56;;2.1, Long, Chokepoints, Ship, Duals, Overall
622;GREAT FURY OF HEAVEN;580;;;Main List;106481162;27;78;;2.2, Long, Fast-Paced, Chokepoints, Learny, High CPS, Wave, Overall
623;Galactic Shift;579;497;100;Main List;59829005;27;77;;2.1, Long, Timings, Chokepoints, Learny, Overall
624;ULTRA VIOLET;578;;;Main List;88292178;27;72;;2.1, Long, Overall, Learny, Nerve Control
625;memories;577;361;100;Main List;83235400;26;65;;2.1, Long, Timings, Wave
626;Fractured Dreams;575;;;Main List;122954932;27;75;;2.2, Long, Fast-Paced, Nerve Control, Wave, Overall
627;Io;574;;;Main List;108362538;26;89;;1.9PS, Long, Timings, Learny, Wave, Duals
628;My Worst Demon Level;573;;;Main List;77164344;26;73;;2.1, Long, Clicksync, Chokepoints, Wave
629;Berserk;572;458;100;Main List;60130895;26;78;;2.1, Long, NONG, Fast-Paced, Timings, Wave, Overall
630;Cadrega Mode;571;468;61;Main List;48981134;26;66;;2.1, Long, Fast-Paced, High CPS, Flow, Overall
631;Voyager 1;570;;;Main List;126489445;26;68;;2.2, XL, Nerve Control, Duals, Overall
632;Gateway;568;;;Main List;94924286;26;89;;2.1, XL, Timings
633;Auditory Breaker;567;460;56;Main List;51791710;26;55;;2.1, XL, Circles, Fast-Paced, Wave
634;lodin da fish washer;566;440;100;Main List;72164189;26;69;;2.1, Long, Timings, Learny, Gimmicky, Slow-Paced, Cube, Robot
635;Shock Therapy;565;488;49;Main List;57121503;26;68;;2.1, XL, Timings, Chokepoints, Learny, Nerve Control
636;Ziroikapi;564;472;43;Main List;56827411;27;61;;2.1, Long, Learny
637;VALOVI;563;;;Main List;109432828;27;77;;2.2, XL, Circles, Timings, Learny, Nerve Control, Ship, Wave
638;Surge of Memories;562;474;50;Main List;41594507;27;70;;2.1, XL, Learny, Overall
639;Worse Trip;560;;;Main List;78248443;26;87;;2.1, Long, Fast-Paced, Timings, Learny, Gimmicky, Duals, Overall
640;Surge of the Shield;559;477;100;Main List;61127840;26;74;;2.1, XL, NONG, Fast-Paced, Timings, Chokepoints, Ship
641;Nostalgia;558;;;Main List;123902767;27;78;;2.2, Long, Timings, Learny, Slow-Paced, Robot
642;Spectrum Split;557;;;Main List;81586966;25;82;;2.1, Long, Learny
643;Voltage (Hypno);556;;;Main List;92548253;26;83;;2.2, Long, Timings, Memory, Wave
644;Necrocide;555;;;Main List;53653552;26;80;;2.1, Long, NONG, Timings, High CPS, Ship, Old Swing
645;Hyper Paradox;554;469;100;Main List;61531210;26;57;;2.1, Long, Circles, Timings, Chokepoints, High CPS, Nerve Control, Wave
646;Carmine Cascade;552;;;Main List;125486820;25;96;;2.2, XL, Memory, Nerve Control, Overall
647;Ouroboros Startpos 2;551;;;Main List;94410319;26;71;;2.1, Long, Learny, High CPS, Fast-Paced, Clicksync, Nerve Control, Ship, Wave
648;The Hell World;550;492;55;Main List;27904579;26;53;;Long, Timings, Chokepoints, Gimmicky, Cube, 2.0
649;SubSonic;549;484;61;Main List;33387622;26;72;;2.1, XL, Nerve Control, Overall
650;Audio Expulsion;548;481;48;Main List;48679353;26;76;;2.1, XL, Fast-Paced, Chokepoints, Nerve Control, Overall
651;Dormant World;547;;;Main List;83652881;;99;;2.1, Long, Timings, Learny, High CPS, Slow-Paced, Spider
652;MONSTROSITY;546;482;100;Main List;71524389;26;41;;2.1, Long, Timings, Chokepoints, Unbalanced, Ship, Wave
653;Unfair Evening;545;;;Main List;107226949;26;74;;2.2, Medium, Timings, Chokepoints, Slow-Paced, Cube
654;Crippled Depression;544;;;Main List;89748074;26;34;;2.1, Long, Timings, Chokepoints, Ball, Overall
655;Anoxysm;542;483;51;Main List;57430694;26;72;;2.1, Long, Fast-Paced, Timings, Overall
656;Lovestruck;541;;;Main List;107764640;27;78;;2.2, Long, Fast-Paced, Memory, Overall
657;Supreme Demon Mix;540;;;Main List;99932955;25;59;;2.2, XXL, Timings, Ship, Chokepoints, Learny, Nerve Control
658;The Hell Inferno;539;466;;Main List;60714734;25;73;;2.1, Long, Timings, Chokepoints, Slow-Paced, Mirror, Ship, UFO
659;Viridian;538;;;Main List;130733081;26;81;;2.2, Medium, Wave, Overall
660;ikaros;537;485;100;Main List;61890877;25;44;;2.1, XXL, Overall, Fast-Paced, Flow, Nerve Control
661;Kinetic Bypass;536;499;100;Main List;41293157;25;64;;2.1, Long, Fast-Paced, Learny, Duals, Wave
662;Endless Dream;535;501;100;Main List;70484097;26;76;;2.1, Long, Overall, Clicksync, Learny
663;The Cellar Path;534;;;Main List;85317764;26;78;;2.1, XL, Clicksync, Timings, Gimmicky, Nerve Control, Duals, Overall
664;Boogie;533;446;53;Main List;72873416;26;81;;2.1, Overall, Chokepoints, NONG, XXL+
665;aether (ZeroSR);532;;;Main List;99800205;25;77;;2.2, Long, Fast-Paced, Learny, Gimmicky, UFO, Spider, New Swing
666;Mujigae;530;486;100;Main List;38765979;26;49;;2.1, XL, Circles, Fast-Paced, Wave
667;Betrayal of Destiny;529;487;100;Main List;63482186;26;71;;2.1, Long, Timings, Learny, Cube, Ship, Wave
668;i hate you;528;489;100;Main List;68323859;25;64;;2.1, Long, Timings, Ship, Wave
669;BURNOUT;527;;;Main List;117177172;27;69;;2.2, XL, Chokepoints, Nerve Control
670;Glitch Control;526;;;Main List;118737324;26;58;;2.2, Long, Chokepoints
671;SINGULARITY;525;490;56;Main List;48156638;26;65;;2.1, Long, Timings, Ship
672;multi arm;524;;;Main List;110690127;27;66;;2.2, XXL, Clicksync, Learny, Memory, Gimmicky, Nerve Control
673;Adrenaline (wapon77);523;496;100;Main List;67569996;26;75;;2.1, XXL+, Clicksync, Fast-Paced, Learny, Overall
674;Cheyenne;522;;;Main List;99992952;26;79;;2.2, Long, Fast-Paced, Chokepoints, Learny, Flow, Overall
675;QuantumSonic;521;;;Main List;87881028;;45;;2.1, XL, Chokepoints, High CPS, Duals, Overall
676;SPEEDRUN;520;498;62;Main List;58507437;25;76;;2.1, Long, NONG, Fast-Paced, Timings, Learny, Overall
677;Geometrical Dominato ;519;;;Main List;116089123;26;70;;2.2, Long
678;Dolos;518;479;51;Main List;58417850;26;54;;2.1, Long, Clicksync, Chokepoints
679;Autumnal Remanence;517;;;Main List;132226370;27;59;;1.9PS, Long, Chokepoints, Ship, UFO, Wave
680;Ithacropolis;516;;;Main List;41149984;25;48;;2.1, Long, Timings, Gimmicky, Overall
681;milo;515;;;Main List;110227780;25;71;;2.2, Long, Overall, Ship, Wave, Timings, High CPS, Fast-Paced, Chokepoints
682;Ancestral Calamity;514;530;61;Main List;48591102;25;59;;2.1, XL, Fast-Paced, Overall
683;fire emoji;513;;;Main List;120416900;26;71;;2.2, Long, Clicksync, Fast-Paced, Timings, Learny, Flow, Cube, UFO, Robot, Overall
684;ErebuS (Platnuu);511;467;100;Main List;65860142;25;58;;2.1, Long, Timings, Chokepoints, Ship
685;ruber cash 22;510;;;Main List;78007735;25;70;;2.1, Long, Timings, Slow-Paced, Robot
686;Dimensional Breaking;509;529;100;Main List;59868382;26;71;;2.1, XL, Chokepoints, Ship, Wave
687;Dusker Processing;508;;;Main List;91509581;25;58;;1.9PS, Long, Timings, Slow-Paced, Ship, Wave
688;Sleeptalk;507;;;Main List;102523266;26;49;;2.2, Long, Timings, Ship, Wave
689;SUPERMAYOHATECLUB;506;;;Main List;90942005;24;54;;1.9PS, Long, Timings, Chokepoints, Ship, Wave, Overall
690;kuiper belt;505;;;Main List;125025200;25;55;;2.2, Long, Chokepoints, High CPS, Wave
691;Athanatos;504;494;64;Main List;26133601;25;66;;2.0, Long, Fast-Paced, Chokepoints, Learny, Ship, Wave, Overall
692;Shock Breaker;503;500;100;Main List;64051003;26;52;;2.1, XL, Learny, High CPS, Chokepoints
693;Loose Screws;502;;;Main List;93311545;26;81;;2.1, Long, Memory, High CPS, Cube, Wave
694;Carnage Mode;501;516;45;Main List;36107975;25;56;;2.1, XXL, Timings, Chokepoints, Nerve Control, Overall
695;Microsoft DriveThru;500;;;Main List;94164875;25;62;;1.9PS, Long, Timings, Cube, Ship, Wave
696;Gentlemens Clique (Solo);499;;;Main List;85231431;26;;;2.1, Long, 2P, Fast-Paced, Chokepoints, Learny, High CPS, Bossfight, Wave
697;Wild Rose;498;;;Main List;83676299;25;76;;2.1, Long, Clicksync, Timings, High CPS, Flow, Ship, Cube
698;miss you;497;;;Main List;87768310;26;83;;2.1, Long, NONG, Timings, Memory, Slow-Paced, Cube, Duals
699;New Record;496;;;Main List;76760593;25;49;;2.1, XL, Clicksync, Fast-Paced, Learny, High CPS, Flow, Duals
700;project girlboss;495;;;Main List;110769842;25;69;;2.2, Long, Gimmicky, Duals, Memory
701;Khorne;494;;;Main List;58578389;26;71;;2.1, XXL+, Nerve Control
702;Fabricated Thoughts;493;503;100;Main List;61151935;25;68;;2.1, Long, Fast-Paced, Slow-Paced, Overall
703;reset your mind;492;;;Main List;106737668;25;87;;2.1, 1.9PS, Long, Memory, High CPS, Ship, Wave, Overall
704;Curie;491;;;Main List;87816034;25;75;;2.1, Long, Fast-Paced, Timings, Chokepoints, Learny, High CPS, Wave, Overall
705;Screaming;490;;;Main List;123964123;25;76;;2.2, Long, NONG, Clicksync, Fast-Paced, Timings, Learny, High CPS, Wave, Robot
706;Eleos;489;;;Main List;55060204;25;51;;2.1, Long, Chokepoints, Ship, Wave
707;Sunk;488;;;Main List;100931101;26;76;;2.2, Long, NONG, Timings, Chokepoints, Learny, Flow, Overall
708;RASH;487;504;100;Main List;69507105;25;76;;2.1, Long, Fast-Paced, Timings, Learny, Overall
709;xuser morelike luser;486;;;Main List;93241372;27;69;;2.1, Long, Timings, Chokepoints, Memory
710;devoid;485;;;Main List;81161308;24;76;;2.1, Medium, Fast-Paced, Timings, Learny, Chokepoints, Spider, Ball
711;Twilight Coexistence;484;;;Main List;90172239;24;85;;2.1, Long, Clicksync, High CPS, Duals, Overall
712;Removed Submission;483;517;100;Main List;52113279;25;65;;2.1, XL, NONG, Timings, Slow-Paced, Nerve Control
713;Cryothorn Hell;482;;;Main List;125034264;25;57;;2.2, Long, Chokepoints, Wave
714;Mystic;481;510;56;Main List;35738539;25;48;;2.1, Long, Timings, Chokepoints, Nerve Control, Ship, Ball, Wave, Overall
715;Tunnel;480;;;Main List;73428541;26;57;;2.1, Long, Timings, Ship, Wave
716;Phobos;479;526;52;Main List;19759411;25;51;;2.0, XL, Timings, Chokepoints, Overall, Nerve Control
717;WcropoliX;478;;;Main List;22183448;25;47;;2.0, Long, Timings, Chokepoints, Unbalanced, High CPS, Slow-Paced, Ship, Wave
718;TeaM Z;477;508;56;Main List;38234257;25;59;;2.1, Long, Overall, Fast-Paced, Bossfight
719;dance (Solo);476;;;Main List;134210703;25;90;;2.2, Long, NONG, 2P, Clicksync, Chokepoints, Learny, High CPS, Gimmicky
720;font by robtop;476;;;Main List;102428635;25;50;;2.2, Long, Timings, Ship, Robot
721;Infernal Abyss;475;502;59;Main List;27379546;25;58;;2.0, Long, Timings, Chokepoints, Unbalanced, Nerve Control, Ship, UFO, Overall
722;Masterpiece;474;;;Main List;96471808;25;74;;2.2, Long, NONG, Ship, Overall
723;The Old Trail;473;;;Main List;94690267;24;73;;2.1, XL, 2P, Timings, Nerve Control
724;Sapphire Angel;472;;;Main List;69617575;24;69;;2.1, XXL, Timings, Chokepoints, Nerve Control, Wave
725;Stereo Smasher;471;;;Main List;128096546;24;60;;2.2, Long, Fast-Paced, Timings, Cube, Overall
726;WOBBLING MACHINE (2P);470;134;100;Main List;87130877;34;72;sí;2.1, Long, 2P, Timings, Ship
727;hot rod;469;;;Main List;95355264;25;79;;2.1, Long, NONG, Clicksync, Learny, Overall
728;Based Gang (Solo);468;;;Main List;71692057;26;;;2.1, Long, 2P, Fast-Paced, Unbalanced, Bossfight, Ship, Wave
729;MadMansion;467;509;56;Main List;57047374;26;51;;2.1, Long, Memory
730;Disastrous DanceOff;466;;;Main List;116688571;25;57;;2.2, Long, Timings, Overall
731;Turbulent Valley;465;;;Main List;93231979;25;78;;2.1, XL, Learny, Timings, Nerve Control
732;S3NT1M3NT;464;;;Main List;113544846;25;78;;2.2, Long, Clicksync, Fast-Paced, Timings, Chokepoints, Wave, Overall
733;Summer Sky;463;;;Main List;125387083;25;96;;2.2, XL, NONG, Clicksync, Learny
734;Abandoned Planet;462;;;Main List;46249401;26;48;;2.1, Long, Circles, Wave, Ship
735;The Hell Origin;461;512;51;Main List;36875204;26;54;;2.1, Long, Timings, Chokepoints, Mirror, Cube
736;Bang Gang (Solo);460;;;Main List;56916170;24;;;2.1, Long, 2P, Fast-Paced, Unbalanced, Learny, Bossfight, Cube, Wave, Overall
737;OneAttempt;459;;;Main List;80252396;25;64;;2.1, Long, Overall, Fast-Paced, Timings, Cube, Wave
738;RAWSTAR;458;;;Main List;134027693;25;63;;2.2, Long
739;DARKENED;458;513;100;Main List;66085306;25;66;;2.1, Long, Timings, Chokepoints, Slow-Paced, Wave, Overall
740;Coolie Mazie Paloozi;457;;;Main List;91267754;25;91;;2.1, Long, Fast-Paced, Memory, Overall
741;INCODE;456;;;Main List;132079107;25;51;;2.2, Long, Timings, Slow-Paced, Ship, Wave
742;EnvY;455;515;56;Main List;45411361;25;56;;2.1, Long, Fast-Paced, Chokepoints
743;FusionDynamix;454;301;100;Main List;90857000;27;62;;2.1, Long, Timings, Ship
744;Poltergeist Reborn;453;;;Main List;36886759;25;55;;2.1, Long, Circles, Timings, Chokepoints, Wave
745;Falcon16;452;522;100;Main List;60289382;24;75;;2.1, Long, Fast-Paced, Timings, Learny, High CPS, Wave
746;VendetTa;451;524;52;Main List;47797723;25;47;;2.1, Long, Chokepoints, Wave
747;Blade of Justice;450;532;49;Main List;35448603;24;77;;2.0, XL, Nerve Control, UFO, Old Swing, Duals, Overall
748;Nautilus;449;;;Main List;134727211;25;84;;2.2, Long, Clicksync, Fast-Paced, Chokepoints, Learny, Flow, Wave
749;Paranoid Android;448;;;Main List;111731617;24;81;;2.2, XXL+, NONG, Timings, Chokepoints, Slow-Paced, Nerve Control, Overall
750;Vertigo (notLevo);447;;;Main List;43214204;25;44;;2.1, Medium, Chokepoints, Wave
751;AUTONOMICA;447;;;Main List;129343574;26;91;;2.2, XXL, NONG, Clicksync, Learny, Duals
752;Dimension Breaker;446;525;57;Main List;55539300;25;63;;2.1, XL, Timings, Chokepoints, Gimmicky, Nerve Control, Overall
753;Freedom19;445;;;Main List;75718490;25;52;;1.9PS, XXL, NONG, Overall, Clicksync, Fast-Paced, Learny, High CPS, Flow, Nerve Control
754;Masochism;444;;;Main List;79665466;24;66;;2.1, Long, Chokepoints, Ship, Wave
755;Vivacious;443;;;Main List;76997619;25;65;;2.1, Long, Fast-Paced, Timings, Chokepoints, Ship
756;Asmodeus;442;518;57;Main List;33670767;25;56;;2.1, Long, Chokepoints, Ball, Overall
757;THE PRINCE;441;;;Main List;99693231;24;71;;2.2, NONG, XL, Timings, Clicksync, Memory, Nerve Control, Cube, Ball, Robot
758;Showdown (clncrvl);440;;;Main List;93799148;25;62;;2.1, Long, Clicksync, Timings, Learny, Old Swing, Overall
759;Silentium Gradas;439;531;56;Main List;45626173;24;48;;2.1, Long, Cube, Ship, Mirror, Timings, Learny, Chokepoints
760;Hands That Feed;438;;;Main List;142118733;23;84;;2.2, XL, Learny, Nerve Control, Ship, Wave
761;Shibui;438;527;100;Main List;63733585;24;62;;2.2, Long, Chokepoints, Timings, Ship
762;Intrusive ID;437;;;Main List;107100184;24;65;;Long, Timings, Learny, Duals, Chokepoints, 2.2
763;EXPLICIT;436;;;Main List;74028410;24;72;;2.1, Medium, Fast-Paced, High CPS, Wave
764;overlook;435;;;Main List;132527895;24;62;;2.2, Long, Timings, Slow-Paced, Ship
765;Infinite Inversion;434;;;Main List;102807047;24;75;;2.2, Long, Circles, Fast-Paced, High CPS, Wave
766;Sakupen Hell;433;528;40;Main List;23262780;24;40;;2.0, Medium, Fast-Paced, Chokepoints, Ship, Wave
767;Zinhwa;432;;;Main List;93505324;25;69;;2.1, Long, Learny
768;wrong out there;431;;;Main List;127308874;26;94;;2.2, Long, Timings, Learny, Gimmicky, Slow-Paced, Ship, Spider
769;Delicious Dogs;430;;;Main List;107150431;24;86;;2.2, XXL, Nerve Control, Overall
770;Artifice;430;536;100;Main List;57520174;24;66;;2.1, XL, Clicksync, Fast-Paced, Nerve Control, Overall
771;Universe on fire;429;;;Main List;87489628;24;81;;2.1, XXL, NONG, Fast-Paced, Timings, Ship, Learny, Nerve Control
772;unsaved changes;428;;;Main List;105945985;26;57;;2.2, Long, Overall, Fast-Paced, Timings, Chokepoints, Learny, Gimmicky, Cube, Wave
773;Alpha Baa X;427;523;100;Main List;62100870;25;71;;2.1, Long, Timings, Memory, Cube, Ship, Ball, UFO
774;ACHROMATISM;426;;;Main List;120617540;24;72;;2.2, Long, Ship, Wave
775;Betrayal of Fate;425;534;40;Main List;20329544;24;74;;2.0, Long, Timings, Learny, Memory, Cube, Ship, Wave
776;So Wrong To Life;424;;;Main List;135924841;;90;;2.2, XXL+
777;Last Stop;423;;;Main List;88946497;25;67;;2.1, Long, NONG, Learny, Chokepoints, Timings, Overall
778;Iniquity;423;;;Main List;116369605;24;32;;1.9PS, Long, Chokepoints, Ship, Wave
779;Absolute Solver;422;;;Main List;133591114;24;80;;2.2, Long, NONG, Fast-Paced, Learny, High CPS, Flow, Overall
780;Chromatic;421;;;Main List;116147135;23;70;;2.2, XL, Timings, High CPS, Ship
781;NANDMASTER;420;;;Main List;138853889;;90;;
782;Advent Aurora;419;;;Main List;97425949;24;72;;2.1, Long, Fast-Paced, Overall
783;Revelations;418;;;Main List;119744798;23;81;;2.2, Long, Clicksync, Fast-Paced, Wave, Duals
784;help;417;;;Main List;91035507;25;64;;2.1, Long, Timings, Chokepoints, Learny
785;Hateful Reflection;417;545;100;Main List;61132346;24;66;;2.1, Long, Circles, Fast-Paced, Wave
786;UnveiL;416;;;Main List;127035731;26;67;;2.2, XXL, Learny, Flow, Nerve Control
787;Radiant Activation;415;;;Main List;108656584;26;66;;2.2, Long, Learny, Mirror, Overall
788;Tenth Circle;414;519;100;Main List;62592746;24;60;;2.1, Long, NONG, Wave, Circles, Chokepoints
789;Triadic Trials;413;;;Main List;83421663;25;66;;2.1, Long, Learny, Duals
790;SANTA FE;412;;;Main List;114763530;24;82;;2.2, Long, Memory, Mirror, Cube, New Swing
791;Fusion Z;411;520;100;Main List;59933468;24;65;;2.1, XXL, Chokepoints, Learny, Nerve Control, Duals, Overall
792;dnc;411;;;Main List;143153769;;56;;2.2, Medium, High CPS, Gimmicky, Wave
793;phosphorescent;410;555;100;Main List;56846226;24;66;;2.1, Long, Timings, Ship
794;Revolution 1993;409;;;Main List;127575316;23;43;;2.2, XXL+, NONG, Nerve Control, Duals, Overall
795;Carcano;408;475;57;Main List;64148732;24;65;;2.1, Long, Fast-Paced, Timings, High CPS
796;D4RK;407;;;Main List;136107494;22;75;;2.2, Long, Slow-Paced, Ship, Overall
797;Vortex of Time;406;;;Main List;41739176;24;75;;2.1, XXL, Chokepoints, Nerve Control
798;Anahita;406;495;100;Main List;70406732;24;67;;2.1, XL, Fast-Paced, Flow, Ship, Overall
799;The Hell Bird;405;549;100;Main List;57803923;23;48;;2.1, Long, Timings, Chokepoints, Slow-Paced, Cube, Ship, Ball
800;Epsilon;404;537;100;Main List;48843446;24;60;;2.1, XL, Overall, Nerve Control
801;Atmosphere;403;538;100;Main List;42664144;24;58;;2.1, Long, Fast-Paced, Overall
802;Supercharged;402;;;Main List;60624753;24;72;;1.9PS, XXL, Timings, Chokepoints, Slow-Paced, Nerve Control, Cube, Overall
803;Carbon Fiber;401;;;Main List;129561693;24;75;;2.2, Medium, Fast-Paced, Timings, Learny, High CPS, Wave
804;OPSM1;401;506;100;Main List;68193306;24;62;;2.1, Long, Fast-Paced, Timings, Wave
805;Molten Mercury;400;543;100;Main List;64066032;24;59;;2.1, Long, Chokepoints, Flow
806;Aura (Ka1sa);399;;;Main List;73988608;24;62;;2.1, Long, Fast-Paced, Flow, Ship, Wave, Overall
807;Le Midd Mapperoonies;398;;;Main List;90597607;25;60;;2.1, XXL, Chokepoints, Memory, Nerve Control, Cube
808;Titanic Thunderstorm;397;;;Main List;121682499;24;65;;2.2, Long, Timings, Learny, Cube, Duals, Overall
809;Monstercat;397;540;100;Main List;60810066;24;55;;2.1, Long, Chokepoints, Timings
810;Biohazard (ARtu);396;535;100;Main List;61997741;24;64;;2.1, XL, Timings, Ship, UFO
811;100HEX;395;;;Main List;96996017;25;72;;2.1, Medium, Fast-Paced, Timings, High CPS
812;Astrophobia;394;;;Main List;94772024;24;62;;1.9PS, Long, Circles, Fast-Paced, Wave
813;Advanced AirStream;393;514;100;Main List;58088534;25;67;;2.1, XL, Fast-Paced, Ship, Wave
814;Omorfia;392;;;Main List;63559860;23;54;;2.1, XL, Fast-Paced, Chokepoints, Unbalanced, Learny, Gimmicky, Bossfight, Duals
815;Game Over;392;;;Main List;43357575;24;37;;2.1, Long, Clicksync, Fast-Paced, High CPS, Wave
816;Project Nexus;391;;;Main List;106945900;24;77;;2.2, XL, Learny
817;L0L K3K;390;;;Main List;125658310;24;47;;2.2, Long, Learny
818;DEOGEN;389;;;Main List;100045298;24;41;;2.2, Long, Chokepoints, Ship, Overall
819;GewErbiX;388;;;Main List;68311699;24;75;;2.1, Long, Clicksync, Fast-Paced, Learny, Flow, Overall
820;Europa;388;;;Main List;108362533;23;70;;1.9PS, Long, Timings, Ship, Wave
821;THE J;387;;;Main List;104131396;25;78;;NONG, 2.2, Long, Memory, Cube, Duals, Ship, Gimmicky, Slow-Paced
822;Glacial Torrent;386;541;100;Main List;57390800;25;77;;2.1, XXL, Learny, High CPS, Nerve Control
823;MOTOR MOGOK;385;;;Main List;100213638;24;67;;2.2, XL, Memory, Gimmicky, Duals
824;Up and Down;384;;;Main List;92453242;23;70;;2.1, XXL, Overall, Fast-Paced, Timings, Chokepoints, Learny, Flow, Nerve Control, Ball, Duals
825;DeathWheel;384;;;Main List;122489524;24;73;;2.2, Long, Timings, Memory, Gimmicky, Slow-Paced
826;Begin;383;;;Main List;100083590;25;69;;2.2, Long, Fast-Paced, Wave, Duals, Overall
827;water demon;382;;;Main List;97235578;25;57;;2.1, Long, Learny, Mirror, Nerve Control, Chokepoints
828;Untitled;381;521;100;Main List;68731559;23;74;;2.1, Long, NONG, Fast-Paced, Learny, High CPS, Flow
829;Sysmique Locked;380;;;Main List;23579781;23;67;;2.0, Long, Fast-Paced, Learny, Memory, Bossfight, Duals
830;Inside;380;;;Main List;114321891;24;87;;2.2, XL, NONG, Fast-Paced, Learny, Duals, Overall
831;Incandescent;379;;;Main List;65125096;23;54;;2.1, XL, Learny
832;moment;378;;;Main List;68848817;24;76;;2.1, Long, NONG, Fast-Paced, Chokepoints, Flow, Ship, Wave
833;Azurite (royen);377;;;Main List;59533451;24;63;;1.9PS, Long, Circles, Fast-Paced, Wave
834;maddening;377;;;Main List;89678885;24;77;;2.1, Medium, Fast-Paced, Chokepoints, Memory, Mirror, Duals
835;Ecstasy (SleyGD);376;;;Main List;65249411;24;69;;2.1, Long, Timings, Overall, Wave
836;HELIX (GoldSource);375;;;Main List;85292370;23;54;;2.2, Long, Chokepoints, Learny, Wave, Overall
837;Ruler of Everything;374;;;Main List;83204544;24;73;;2.1, XL, NONG, Timings, Learny, Nerve Control, Overall
838;Tempest Tornado;373;557;100;Main List;60952893;24;56;;2.1, Long, Timings, Ship, Wave
839;gravity;373;;;Main List;77008332;23;84;;2.1, Long, NONG, Clicksync, Fast-Paced, Learny, High CPS, Ship, Wave, Overall
840;Bloodbath;372;539;54;Main List;10565740;23;54;;1.9, Long, Timings, Chokepoints, Nerve Control, Ship, UFO
841;Helix (LEOPUS);371;;;Main List;86687604;23;62;;2.1, XL, NONG, Timings, Chokepoints, Overall
842;Eon;370;;;Main List;101478916;22;80;;2.2, XXL+, Chokepoints, Gimmicky, Nerve Control, Overall
843;OUTPUT SPRING;370;;;Main List;108963146;24;77;;2.2, Learny, Timings, Clicksync, Nerve Control, Overall, XXL
844;Fellow Phobia;369;;;Main List;83298273;23;72;;1.9PS, XXL, NONG, Timings, Learny, Memory, Slow-Paced, Nerve Control, Duals
845;OOPZ;368;;;Main List;70252932;24;73;;2.1, Long, Timings, Gimmicky, Cube, Robot
846;Idols;367;551;52;Main List;48175126;23;76;;2.1, XXL, NONG, Fast-Paced, Learny, Nerve Control, Old Swing
847;Pale Machine;366;;;Main List;126702304;23;48;;2.2, XXL+, NONG, Clicksync, Chokepoints, Learny, Nerve Control
848;Siniristi;366;;;Main List;102520019;24;64;;2.1, Nerve Control, XXL
849;Azure Fiesta;365;548;100;Main List;60923124;24;58;;2.1, XL, Fast-Paced, Flow, Overall
850;Motorbreath;364;;;Main List;81281891;23;83;;2.1, Long, NONG, Clicksync, Fast-Paced, High CPS, Wave
851;Quaoar (ViPriN);363;;;Main List;80177488;23;63;;2.1, Long, Overall, Fast-Paced, Chokepoints, Learny, Flow
852;APEX;363;;;Main List;72941895;23;71;;2.1, Long, Fast-Paced, Gimmicky, Overall
853;Doppler (2P);362;100;100;Main List;133489881;23;83;sí;2.2, Long, 2P, Clicksync, Fast-Paced, Learny, Ship, Wave
854;ATMarbl;361;547;49;Main List;44706787;24;73;;2.1, XL, NONG, Clicksync, Fast-Paced, Chokepoints, Learny, High CPS, Gimmicky, Wave, Overall
855;The Hell Factory;360;562;63;Main List;15265393;23;60;;2.0, Long, Learny, Memory, Timings, Ship, Chokepoints, Nerve Control
856;Remember;360;;;Main List;104236312;24;82;;2.2, XL, Memory, Nerve Control
857;A Berry;359;;;Main List;109890133;24;76;;2.2, XL, Learny
858;Blue Suns Zenith;358;;;Main List;91396136;24;86;;2.1, XXL, High CPS, Gimmicky, Nerve Control, Overall
859;Crystal Crusher (2P);357;135;67;Main List;93732702;23;59;sí;2.1, Long, 2P, Timings, Gimmicky, Overall
860;Come Home;357;;;Main List;133612250;;53;;2.2, Long, Ship, Robot, Duals
861;Le Fishe;356;;;Main List;80647754;23;54;;2.1, Long, Timings, Chokepoints, Slow-Paced, Cube, Wave, Robot
862;Down Bass;355;550;42;Main List;8147005;23;53;;2.0, Long, NONG, Circles, Fast-Paced, Chokepoints, High CPS, Wave
863;UnConTrolled;354;;;Main List;118982910;24;68;;2.2, Long, Memory, High CPS
864;angel;354;;;Main List;143457831;23;82;;2.2, Long, NONG, Chokepoints, Learny, Ship, Overall
865;PROTOFLICKER;353;;;Main List;83340498;24;72;;2.1, Long, NONG, Clicksync, Timings, Nerve Control, Wave, Overall
866;cave of heart;352;;;Main List;84983693;23;76;;2.1, Long, Memory, Overall, Gimmicky
867;Grind District;351;;;Main List;118562989;24;50;;2.2, Long, Chokepoints, Learny, Gimmicky, UFO
868;Blueprint;351;;;Main List;138169386;23;80;;2.2, Medium, Timings, Gimmicky, Slow-Paced, Ball, UFO, Duals
869;Putrefaction;350;;;Main List;144540926;;60;;2.2, Long, Circles, Timings, Mirror, Wave
870;OUCH;349;;;Main List;114831718;23;61;;2.2, XL, Timings, Learny, Nerve Control, Ship
871;ECSTASY (Filqh);348;546;100;Main List;78277793;23;61;;2.1, Long, Clicksync, Fast-Paced, Chokepoints, Flow, UFO, Wave
872;Barbaros Finale;348;;;Main List;79054135;23;60;;2.1, Long, Fast-Paced, Bossfight, Ship, Wave
873;Dyad;347;;;Main List;120312886;23;90;;2.2, XXL, Clicksync, Timings, Learny, Nerve Control, Cube
874;i just wish i could;346;;;Main List;123804260;23;79;;2.2, XL, 2P, Clicksync, Memory, Gimmicky, Nerve Control, Duals, Overall
875;Prismatic Haze;346;556;100;Main List;59899374;23;75;;2.1, Long, Learny, High CPS, Nerve Control, Wave, Timings, Clicksync, Flow
876;Sakupen Joy;345;;;Main List;139286842;22;42;;2.2, Long, Bossfight, Ship, UFO, Wave
877;SLAM;344;;;Main List;138082325;22;52;;2.2, Long, Timings, Chokepoints, Overall
878;Gang Plank Hell;343;;;Main List;49428328;24;64;;2.1, XXL, Clicksync, Fast-Paced, High CPS, Nerve Control, Overall
879;Core At Once;343;;;Main List;136134490;24;56;;2.2, Long
880;Heavens Door;342;;;Main List;91739197;23;89;;2.1, XL, NONG, Clicksync, Timings, Learny, Nerve Control
881;A Bizarre Phantasm;341;561;71;Main List;16023141;23;63;;2.0, Long, Memory, Wave
882;limitless;340;582;100;Main List;56321709;23;46;;2.1, Long, Chokepoints, Learny, Nerve Control
883;NeRUaL;340;;;Main List;79473624;23;64;;2.1, Long, Learny, Overall
884;Junk Realm;339;;;Main List;112309508;22;76;;2.2, Long, Clicksync, Fast-Paced, Learny, Gimmicky, Overall
885;Artificial Ideology;338;560;51;Main List;27908448;23;59;;2.0, Long, Fast-Paced, Gimmicky, Duals, Overall
886;Auroral Valhalla;338;;;Main List;113685088;23;69;;2.2, Long, Learny, Flow, Overall
887;MANIAC;337;;;Main List;136171812;23;70;;2.2, XL, Clicksync, Timings, Learny, Ship, Wave, Duals
888;SUPERCONDUCTOR;336;;;Main List;117098295;24;73;;2.2, Long, Clicksync, Fast-Paced, High CPS, Spider
889;Want Me;335;;;Main List;63068474;23;54;;2.1, Long, NONG, Timings, Chokepoints, Slow-Paced, Cube, Ship, UFO
890;corrupted volume;335;;;Main List;68121402;24;72;;2.1, Long, Chokepoints, Overall
891;Thorny Path;334;;;Main List;49258171;24;50;;2.1, Long, Overall, Fast-Paced, Chokepoints, Ship, Wave
892;Conical Depression;333;554;51;Main List;17711004;23;58;;2.0, Long, Timings, Chokepoints, Cube, Ship, Wave
893;Marathon (weoweoteo);333;584;100;Main List;57595201;23;68;;2.1, XXL, Timings, Chokepoints, Memory, Nerve Control, Cube
894;PERFORATION;332;;;Main List;120082971;22;66;;2.2, Long, Fast-Paced, Timings, Learny, Gimmicky, Wave, Robot, Duals
895;Goldcrest Palace;331;;;Main List;66858272;23;65;;1.9PS, Long, Timings, Learny, Duals
896;Triple Six;330;578;100;Main List;56460850;23;86;;2.1, Long, NONG, Fast-Paced, Timings, Chokepoints, Memory, Gimmicky, Mirror, Overall
897;Aurora (TheKris);330;558;46;Main List;28880422;23;54;;2.1, XL, Fast-Paced, Bossfight, Ship, Overall
898;Distortion;329;;;Main List;119663227;23;49;;2.2, Long, Learny, Memory, Nerve Control, Overall
899;EKO;328;;;Main List;79146983;23;65;;2.1, XL, Timings, Chokepoints, Nerve Control, Wave, Cube
900;Inflective;328;553;100;Main List;61591522;23;58;;2.1, Long, Chokepoints, High CPS, Wave, Spider, Duals
901;Wayback Array;327;;;Main List;90036102;26;63;;2.1, Long, Fast-Paced, Flow
902;One5Seven;326;;;Main List;135037421;22;59;;2.2, XL, Clicksync, Timings, Overall
903;Zurb;326;;;Main List;96418058;24;81;;2.1, Long, Timings, Learny, Gimmicky, Duals
904;EVENT HORIZON;325;;;Main List;97195361;24;72;;2.2, Long, Fast-Paced, Timings, Chokepoints, Learny, Ship
905;SL8O;324;;;Main List;82348741;23;54;;1.9PS, Long, Fast-Paced, Chokepoints, High CPS, Ship, Wave
906;Dream City;323;;;Main List;72908323;24;52;;2.1, Long, Timings, Chokepoints, Learny, Ship
907;time dilation;323;;;Main List;122269216;;55;sí;2.2, Long, 2P, Memory, Gimmicky, Wave, Duals
908;Cromulent;322;611;100;Main List;48808692;22;47;;2.1, XXL+, Fast-Paced, Timings, Overall
909;Cluttered Confusion;321;;;Main List;92245045;23;83;;2.1, Long, Memory, Slow-Paced, Overall
910;Tron;321;;;Main List;81753058;23;36;;2.1, Long, Chokepoints
911;Frozen;320;;;Main List;69646791;23;70;;2.1, Long, Timings
912;Callisto;319;;;Main List;86069819;23;89;;2.1, Long, Fast-Paced, Learny, Overall
913;FLOAT;319;;;Main List;98371484;23;71;;2.2, Long, Chokepoints, Ship
914;Electric Forest;318;;;Main List;93490967;23;71;;2.1, XL, NONG, Clicksync, Fast-Paced, Timings, Chokepoints, Learny, Ship, Wave
915;Floating Maze;317;;;Main List;83107945;23;72;;2.1, XL, 2P, Learny, Memory, Gimmicky
916;Sodium;317;;;Main List;95338625;24;48;;2.1, Long, Overall, Clicksync, High CPS
917;burn to dust;316;;;Main List;80588137;24;76;;2.1, Long, NONG, Fast-Paced, Chokepoints, Learny, Overall
918;N0;315;576;100;Main List;59966737;23;79;;2.1, Long, Clicksync, Fast-Paced, Chokepoints, Learny, Mirror
919;shattered lens;314;;;Main List;119999975;25;68;;2.2, Long, Fast-Paced, Chokepoints, Learny, Duals
920;GO bird;314;;;Main List;108182698;24;91;;2.2, XXL+, Clicksync, Memory, High CPS, Gimmicky, Nerve Control
921;To The Blue Moon;313;;;Main List;90024795;23;78;;2.1, Long, NONG, Timings, Learny
922;FLAMETHROWER;312;;;Main List;106588541;22;66;;2.2, Long, Overall, Ship, Wave
923;i hate renn;312;;;Main List;91204586;23;66;;2.1, Long, NONG, Fast-Paced, Timings, Ship, Wave
924;Arctic Arena;311;559;53;Main List;35112531;23;59;;2.1, Long, Fast-Paced, Chokepoints, High CPS, Overall
925;Disentombed;310;507;100;Main List;63354496;23;76;;2.1, XXL, Overall, Nerve Control
926;Pitfall Caverns;310;;;Main List;77415891;23;54;;1.6PS, XL, Timings, Slow-Paced, Nerve Control, Cube, Ball
927;QDYNAMIX;309;;;Main List;92788300;23;80;;2.1, Long, Clicksync, Fast-Paced, Learny, High CPS, Gimmicky, Flow, Duals, Overall
928;Scattered n Lost;308;;;Main List;111264308;23;83;;2.2, Long, Fast-Paced, Memory, Nerve Control, Cube, Wave
929;cytokinesis;308;;;Main List;93752979;23;81;;2.1, XL, Fast-Paced, Learny, Gimmicky, Flow, Duals, Overall
930;CLOWNS;307;;;Main List;90667326;24;53;;2.1, Long, Chokepoints, Overall
931;Distinct Finale;306;;;Main List;145207092;24;70;;2.2, XL
932;Voltaic;306;;;Main List;73529215;23;77;;2.2, Long, Fast-Paced, Learny, Overall
933;Techno Disco;305;;;Main List;121583598;24;88;;2.2, Long, Fast-Paced, Learny, Duals
934;TRIPPIN BALLS;304;;;Main List;114866844;24;35;;2.2, Long, Fast-Paced, Ship, Wave
935;Fever Dream (ElirpscalionPC);304;;;Main List;130119849;24;82;;2.2, Long, Fast-Paced, Chokepoints, Learny, High CPS, Ship
936;same old;303;;;Main List;136107504;24;76;;2.2, XL, Memory, Slow-Paced, Overall
937;Overtime;302;;;Main List;83825373;23;77;;2.1, Long, NONG, Chokepoints, High CPS, Flow, Ship, Wave
938;Karma;302;;;Main List;63471387;23;79;;2.1, XL, NONG, Fast-Paced, Chokepoints, High CPS, Flow, Nerve Control
939;Koantaoh;301;;;Main List;121727506;22;77;;2.2, Long, Timings, Gimmicky, UFO, New Swing
940;Karasu;300;;;Main List;48229256;23;62;;2.1, XL, Timings, Chokepoints
941;INNARDS;300;571;100;Main List;54588072;23;62;;2.1, Long, Fast-Paced, Timings, Chokepoints, Gimmicky, Bossfight, Wave, Duals, Overall
942;Extinction;299;566;60;Main List;50060092;23;65;;2.1, Long, Fast-Paced, Timings, High CPS, Chokepoints
943;Tenebris;298;;;Main List;90869074;24;56;;2.1, Long, Learny, Flow
944;Antonymph;298;;;Main List;124293350;23;59;;2.2, Long, Timings
945;Goodnight;297;;;Main List;111838262;24;80;;2.2, Long, NONG, Learny, Overall
946;Mecha Mayhem;296;;;Main List;44472956;24;47;;2.1, Long, Timings, Chokepoints, Learny, Flow, Nerve Control, Ship, Wave
947;6LACKLIGHT;296;;;Main List;135166699;23;51;;2.2, Long, Fast-Paced, Learny, High CPS, Flow, Wave
948;WaveBreaker;295;568;100;Main List;56779294;23;69;;2.1, Long, Flow, Fast-Paced, Learny, Timings
949;Ninobytte;294;;;Main List;80698918;24;54;;2.1, Long, Timings
950;ETERNAL;294;;;Main List;86996130;23;74;;2.1, Medium, Clicksync, Fast-Paced, Timings, Learny, High CPS, Duals
951;PURE VALE;293;;;Main List;80735278;23;59;;2.1, Long, Chokepoints, Ship, Wave
952;Treatment Facility;293;;;Main List;110233055;24;85;;2.2, XL, Timings, Chokepoints, Learny, Ship, Duals
953;follow me CLOSELY;292;;;Main List;114516754;23;76;;2.2, Long, NONG, Memory, Overall
954;INTO PETALS;291;;;Main List;88303189;23;63;;2.1, Long, Timings, Slow-Paced, Cube
955;Ch1ll Puddy;291;;;Main List;93971978;22;67;;2.1, Long, Fast-Paced, Ship, UFO, Wave
956;Lovers Sadness;290;;;Main List;113464561;22;87;;2.2, XL, Clicksync, Learny, Gimmicky, Nerve Control, Duals, Overall
957;super kontik;289;;;Main List;83698783;23;89;;2.1, Long, Clicksync, Learny, Overall
958;Empyrean;289;;;Main List;92957491;23;86;;2.1, Long, Clicksync, Timings, Learny, Flow, Nerve Control, Overall
959;Penultimate Phase;288;569;100;Main List;44186049;22;61;;2.1, Long, Learny, Timings
960;neighborhood;287;;;Main List;93794284;23;68;;NONG, 2.1, Long, Timings, Chokepoints, Nerve Control, Cube, Ship
961;GrizzlyWare;287;;;Main List;136107498;22;85;;2.2, Long, Fast-Paced, Learny, Mirror, Duals
962;MINIMUM (Insidee);286;;;Main List;88108583;23;80;;2.1, Long, Overall, Timings, Learny, Gimmicky
963;FAULTY CODE;285;;;Main List;86230468;23;76;;2.2, XL, Chokepoints, Duals, Overall
964;FTW;285;;;Main List;108267677;23;57;;2.2, Long, NONG, Overall
965;BEELINE (2P);284;105;71;Main List;93792764;21;74;sí;2.1, Long, 2P, Clicksync, Fast-Paced, High CPS, Overall
966;Zenith (Lan IIVX);284;;;Main List;129808953;22;84;;2.2, XXL, Learny, Flow, Nerve Control
967;All In;283;;;Main List;96549270;23;85;;2.1, Long, NONG, Clicksync, Flow, Duals, Overall
968;The Red Coronation;282;;;Main List;28779964;23;55;;2.1, Long, Chokepoints, Learny, Ship, Wave
969;Novasphere;282;;;Main List;69753245;23;66;;2.1, XL, Ship, Overall
970;Empress Blades;281;;;Main List;86752868;23;73;;2.1, Long, Timings, Chokepoints, Learny, Cube, Ship, Wave
971;Shinigami;280;;;Main List;93262795;23;67;;2.1, XXL, Fast-Paced, Learny, Flow, Nerve Control
972;GridLocked;280;572;100;Main List;50226022;23;60;;2.1, Long, Chokepoints, Learny, Ship
973;The First;279;;;Main List;88292864;24;52;;Medium, Chokepoints, High CPS, Learny, Timings, 1.9PS
974;Welcome to your mind;279;;;Main List;82341813;23;81;;2.1, Long, 2P, Clicksync, Learny, Gimmicky, Duals
975;Snowfall Storm;278;;;Main List;68743944;24;70;;2.1, Long, Learny, Ship, Timings, Nerve Control
976;Ancient Travel;277;;;Main List;55962849;23;54;;2.1, XXL, Fast-Paced, Overall, Duals, Nerve Control
977;lunar;277;;;Main List;123392717;23;64;;2.2, Long, Timings, Wave
978;Im Leaving;276;;;Main List;99055657;24;62;;2.2, XXL+, NONG, Nerve Control, Overall
979;PISTON;275;;;Main List;128235819;22;72;;2.2, Long, Learny, Gimmicky, Robot, Duals, Overall
980;Ethereal Entity;275;;;Main List;89441368;23;70;;2.2, Long, Fast-Paced, Learny, Overall
981;Novalis;274;574;58;Main List;33748382;22;80;;2.1, Long, Learny, Duals, Old Swing
982;Digital Disarray;274;599;100;Main List;57390806;23;64;;2.1, Long, Fast-Paced, Timings, Chokepoints, Ship, Wave, Overall
983;The Hell Dignity;273;577;71;Main List;35579890;23;60;;2.1, Long, Timings, Chokepoints, Slow-Paced, Mirror, Cube, Ball
984;Complementary Cruise;272;;;Main List;77159883;23;61;;2.1, Long, Fast-Paced, Timings, Overall
985;Solstice;272;;;Main List;85085685;23;68;;2.1, Long, Fast-Paced, Memory, UFO, Duals
986;Glimmer;271;;;Main List;65320079;23;85;;2.1, Long, Fast-Paced, Learny
987;EMPTINESS;270;;;Main List;71599414;23;49;;2.1, Long, Fast-Paced, Learny, Wave
988;Metal Requiem;270;;;Main List;93910243;23;63;;2.1, Long, Overall, Fast-Paced, Chokepoints, Learny, Ship, Duals
989;Disintegrate;269;;;Main List;106136331;23;58;;2.2, Long, Clicksync, Fast-Paced, Timings, Chokepoints, High CPS, Flow, Duals
990;Tesseract Force;269;;;Main List;91413592;24;59;;2.1, Long, Overall, Fast-Paced, Cube, Ship, Ball, Duals
991;laranja azul rosa;268;;;Main List;92287510;22;71;;2.1, Long, Learny, Gimmicky, Mirror, Duals
992;plunq;267;;;Main List;136984556;;62;;2.2, Long, Clicksync, Timings, Learny, Ship, Wave
993;gardening map;267;;;Main List;94068248;22;79;;2.1, Long, Overall, Learny, Gimmicky
994;wires;266;;;Main List;95927040;23;63;;2.1, XL, NONG, Timings, Chokepoints, Slow-Paced, Nerve Control, Robot
995;Galaxy Gas;266;;;Main List;116401475;23;73;;2.2, Long, Clicksync, Fast-Paced, Learny, High CPS
996;Sigma Interface;265;565;100;Main List;62551239;23;64;;2.1, Long, Timings, Slow-Paced, Wave, Old Swing
997;aftermath;264;570;57;Main List;25610878;23;51;;2.0, Long, Fast-Paced, Unbalanced, Ship, Wave
998;I Wanted To Sleep;264;;;Main List;121266410;21;86;;2.2, XXL+, Nerve Control, Overall
999;We Are Not The Same (2P);263;187;100;Main List;90104288;21;62;sí;2.1, Long, 2P, Timings, Chokepoints, Unbalanced, Learny, Nerve Control
1000;Agen Wida;263;;;Main List;86513236;22;69;;2.1, Long, Fast-Paced, Overall, NONG
1001;love0;262;;;Main List;111351512;23;88;;2.2, Long, NONG, Clicksync, Timings, Learny, New Swing
1002;Perfect in Place;261;;;Main List;128182358;23;82;;2.2, Long, NONG, 2P, Fast-Paced, Memory, High CPS
1003;Mirage;261;564;100;Main List;63045458;22;54;;2.1, XL, Chokepoints, Timings
1004;ChopStep;260;;;Main List;87333912;22;73;;2.1, Long, Fast-Paced, Timings, Flow, Overall
1005;MINIMUM (Sivlol);260;;;Main List;90335871;22;43;;2.1, Long, Timings, Chokepoints, Slow-Paced, Cube
1006;HAPPY PILLS;259;;;Main List;104237346;22;69;;2.2, Long, Chokepoints, Timings, Overall
1007;Shape of the Sun;258;;;Main List;50167853;22;65;;2.1, Long, Chokepoints, Timings, Nerve Control, Gimmicky
1008;Twisted Tranquility;258;587;46;Main List;32920197;22;59;;2.1, XL, Learny, Chokepoints, Nerve Control
1009;Cat Planet;257;;;Main List;84766628;22;57;;2.1, Long, Circles, Chokepoints, Wave
1010;Stressed Out;257;;;Main List;118078448;23;78;;NONG, XL, Duals, Timings, 1.9PS
1011;SHATTER ;256;;;Main List;67622133;23;54;;2.1, Long, Timings, Chokepoints, Duals
1012;Godspeed;255;;;Main List;117710857;23;70;;2.2, Long, Fast-Paced, Overall
1013;retrophonic;255;;;Main List;137363768;23;57;;2.2, Long
1014;Plasma Pulse III;254;573;47;Main List;20159880;23;64;;2.0, Long, Timings, Chokepoints, Ball, Overall
1015;Venom Valley;254;;;Main List;112921547;22;74;;2.2, Long, Clicksync, Fast-Paced, Timings, High CPS, Cube, Spider
1016;Deflective;253;;;Main List;66315180;22;67;;2.1, XL, Clicksync, Fast-Paced, Flow, Overall
1017;PanaSonic;252;580;100;Main List;33364327;22;44;;2.1, XL, Chokepoints, Timings, Nerve Control
1018;F3XMAXXING;252;;;Main List;134837425;23;73;;2.2, Long, Fast-Paced, Timings
1019;playing possum;251;;;Main List;70473423;23;72;;2.1, Long, NONG, Timings, Chokepoints, Nerve Control
1020;Rift;251;;;Main List;106905149;22;80;;1.6PS, Long, Timings, Slow-Paced, Ship, Overall
1021;Vitrilyx;250;;;Main List;94932876;22;78;;2.1, Long, Overall
1022;U235;249;;;Main List;83357887;22;82;;2.1, Long, Fast-Paced, Timings, High CPS, Duals
1023;Xeriscape;249;;;Main List;94200487;23;65;;2.1, Long, Timings, Chokepoints
1024;Concaved Memories;248;591;100;Main List;57559425;23;70;;2.1, Long, Fast-Paced, Overall
1025;Niflheim;248;579;54;Main List;30194711;22;71;;2.1, XL, Timings, Chokepoints, Learny, Ball
1026;SINK (OwOPink);247;;;Main List;130093630;;78;;2.2, Long, Timings, Cube, Ship, UFO
1027;KINGSLAYER;247;;;Main List;84813026;22;77;;2.1, Long, NONG, Clicksync, Fast-Paced, Chokepoints, Unbalanced, Ship, Wave
1028;Maybe Possibly Thing;246;575;100;Main List;60284098;22;79;;2.1, Long, Chokepoints, Memory, Bossfight, Ship, Wave
1029;Annihilation Nation;245;563;63;Main List;48008831;22;56;;2.1, Long, High CPS, Gimmicky, Slow-Paced, Ship, Wave
1030;Manic Machine;245;;;Main List;84829178;22;78;;2.1, Long, Memory, Learny
1031;Circuit Breaker;244;;;Main List;78530747;22;72;;2.1, Medium, Timings, Learny, Duals, Overall
1032;FURY TECH;244;;;Main List;123618823;25;75;;2.2, Long, Learny, Bossfight, Duals
1033;Olly;243;;;Main List;137472888;23;84;;2.2, Long, Clicksync, Fast-Paced, High CPS, Ship, Wave
1034;Entropy;242;;;Main List;90008077;23;60;;2.1, Long, Fast-Paced, Chokepoints, Learny, Wave
1035;Codependence (2P);242;78;78;Main List;62556400;22;63;sí;2.1, XL, 2P, Fast-Paced, Timings, Overall
1036;Momentary Affection;241;;;Main List;118533277;22;89;;2.2, Long, Memory, Duals
1037;DREAMING;241;;;Main List;84937326;24;43;;2.1, Long, Timings, Chokepoints, Wave
1038;can i have mod now;240;;;Main List;111710277;22;65;;2.2, Long, Timings, Chokepoints, Ship, Wave
1039;Seaglass Foundry;240;;;Main List;105189665;23;66;;1.9PS, Long, Duals, Timings, Learny, Mirror
1040;AUX cord;239;;;Main List;77690694;22;65;;2.1, Long, Fast-Paced, Wave, Overall
1041;Fingerdash v3;238;;;Main List;59746010;22;66;;2.1, Long, Overall, Fast-Paced, Learny, Bossfight, Spider, Duals
1042;Libertas;238;533;100;Main List;60387034;22;77;;2.1, Long, Timings, Learny, Ship, Wave
1043;Elliptic Curve;237;592;100;Main List;59518611;22;60;;2.1, Long, Clicksync, Fast-Paced, High CPS, Wave
1044;Audio Extraction;237;585;66;Main List;22434793;22;70;;2.1, Long, Fast-Paced, Chokepoints, Overall
1045;BROWNOIX;236;;;Main List;82148336;22;83;;2.1, Long, Fast-Paced, Learny, Wave, Duals, Overall
1046;Betelgeuse;236;;;Main List;74986585;21;58;;2.1, Long, Fast-Paced, Timings, Overall
1047;Huellas En La Nieve;235;;;Main List;99986674;22;81;;2.2, Long, Timings, Memory, Gimmicky, Slow-Paced, Nerve Control, Wave, New Swing
1048;Redemption Arc;234;;;Main List;96846935;23;77;;2.1, Long, Clicksync, Overall
1049;Torsion;234;;;Main List;65982725;23;68;;2.1, Long, Nerve Control, Cube, Ship, Wave
1050;Lit Path;233;;;Main List;97175254;23;55;;2.2, XL, Timings, Slow-Paced, Chokepoints, Cube, Robot
1051;devins thorn zone;233;;;Main List;98911329;22;70;;2.1, Medium, High CPS, Ship, Wave
1052;Vermilion;232;;;Main List;95313820;23;57;;2.1, Long, Overall, Ship, Wave
1053;Triangle Death Chute;232;;;Main List;110200242;22;69;;2.2, Long, Timings, Memory, Gimmicky, Cube, Ship
1054;No Ember;231;;;Main List;97018775;22;80;;2.1, Long, Chokepoints, High CPS, Fast-Paced
1055;Lyrae;231;;;Main List;101341519;;70;;2.1, Long, Clicksync, Fast-Paced, Learny, Overall
1056;BRAINROT;230;;;Main List;105640254;22;74;;2.2, Long, Fast-Paced, Timings, Chokepoints, Memory
1057;GEODE;229;;;Main List;81688494;21;73;;2.1, Long, Fast-Paced, Learny, High CPS, Gimmicky, Wave
1058;Synergy;229;;;Main List;87390464;22;64;;2.1, XL, Chokepoints, Learny, High CPS, Nerve Control
1059;Nemesis;228;;;Main List;96862932;23;74;;2.1, XL, NONG, Learny
1060;Malevolent Maelstrom;228;;;Main List;83214961;24;69;;2.1, Long, Timings, UFO, Duals, Chokepoints
1061;Swirling Serenity;227;;;Main List;95356862;21;72;;2.1, XL, Chokepoints, Learny, Nerve Control
1062;SorryForPartyRocking;227;;;Main List;86263198;23;78;;2.1, Long, Overall
1063;Sky Conflux;226;;;Main List;111372142;22;75;;2.2, Long, Fast-Paced, Timings, Learny, Ship, Wave
1064;Caution;226;;;Main List;62759650;24;75;;2.1, Medium, Fast-Paced, Overall, Timings
1065;Halberd;225;;;Main List;63377357;22;73;;2.1, Long, NONG, Clicksync, Chokepoints, Memory, Gimmicky, Bossfight, Ship, Spider
1066;YeeSangHaeYo;224;;;Main List;81010355;22;50;;2.1, Long, Timings, Chokepoints, UFO, Overall
1067;Heat Wave;224;593;100;Main List;45818014;22;74;;2.1, Long, Fast-Paced, Timings, Chokepoints, Nerve Control, Ship, Overall
1068;Warios Gold MinE;223;;;Main List;109877068;22;72;;2.2, Long, NONG, Fast-Paced, Timings, Learny
1069;To the Exosphere;223;;;Main List;91000246;22;78;;2.1, XL, Fast-Paced, Timings, Chokepoints, Nerve Control, Cube, Ship, Overall
1070;Cassette;222;;;Main List;114554827;22;74;;2.2, Long, Fast-Paced, Flow, Wave
1071;Glide;222;607;100;Main List;55184818;22;55;;2.1, Long, Timings, Cube, Chokepoints, Gimmicky
1072;Esencia;221;567;100;Main List;54988894;22;79;;2.1, XXL, NONG, Overall, Fast-Paced, Learny, High CPS, Flow, Nerve Control
1073;Aureole;221;;;Main List;66044291;22;61;;2.1, Long, Fast-Paced, Flow, Ship, Overall
1074;Dance Til Dawn;220;;;Main List;92056601;22;45;;2.1, Long, Timings, Memory, Cube, Ship, Overall
1075;Evangelion;220;;;Main List;62151546;22;62;;2.1, Long, Clicksync, Chokepoints, Wave, Overall
1076;Draco Meteor;219;;;Main List;78653808;22;72;;2.1, Long, Fast-Paced, Chokepoints, Wave, Overall
1077;SLAY MOMENT;218;;;Main List;118366680;22;66;;Ship, 2.2, Clicksync, Wave, Medium
1078;Heartbeat (KrmaL);218;594;47;Main List;20321297;22;59;;2.0, Long, Timings, Chokepoints, Learny, Gimmicky, Cube, Ball, UFO, Robot
1079;Neon Mixtape Tour;217;;;Main List;105018739;23;77;;2.2, XXL, Learny, Nerve Control, New Swing
1080;GANGIMARI;217;;;Main List;85698971;22;68;;2.1, Long, Overall, Fast-Paced, Ship, Wave
1081;Dumbest Girl Alive;216;;;Main List;90064781;21;58;;2.1, Medium, NONG, Clicksync, Learny, Wave
1082;Totem;216;;;Main List;83570278;22;69;;2.1, Long, Overall, Clicksync, Fast-Paced, Learny, Flow, Ship, Wave
1083;Endurance;215;;;Main List;87498876;21;80;;2.1, XXL, Timings, Memory, Nerve Control, Cube
1084;Lightness;215;;;Main List;105627215;22;80;;2.2, XXL, Fast-Paced, Learny, Flow, Nerve Control
1085;Weald;214;;;Main List;89046759;23;68;;2.1, Long, Timings, Slow-Paced, Duals
1086;me when machine gang (2P);214;228;100;Main List;93281587;21;67;sí;2.1, Long, 2P, Fast-Paced, Chokepoints, Unbalanced, Memory, Gimmicky, Bossfight, Nerve Control
1087;Just A Bunch Of Idea;213;;;Main List;131654854;23;45;;2.2, Medium
1088;Metalic Destruction;213;;;Main List;44916254;22;42;;2.1, Long, Fast-Paced, Chokepoints, Learny, Duals, Overall
1089;Avalanche (Filqh);212;;;Main List;38325880;22;74;;2.1, Long, Timings, Duals
1090;Warning;211;;;Main List;72414148;22;78;;2.1, Long, Clicksync, Timings, High CPS, Ship, Wave, Overall
1091;Daydream;211;;;Main List;65633532;22;66;;2.1, Long, Fast-Paced, Chokepoints, High CPS, Ship, Overall
1092;Apparition;210;;;Main List;71696716;22;74;;2.1, Long, Fast-Paced, Flow, Overall
1093;Brain Power;210;;;Main List;104444534;22;67;;2.2, XL, NONG, Clicksync, Learny, Flow, Duals
1094;Vociferous;209;;;Main List;79546293;21;55;;2.1, Long, Timings, Flow, Overall
1095;To The Stars II;209;;;Main List;66807123;22;49;;2.1, Long, Timings, Chokepoints, Mirror, Ship
1096;Sides Of My Mind (2P);208;223;49;Main List;91042484;20;78;sí;2.1, Long, NONG, 2P, Timings, Learny
1097;Instant Execution;208;632;100;Main List;29807508;22;68;;2.1, Long, Fast-Paced, Chokepoints, Cube, Wave
1098;Graphite World;207;;;Main List;81518815;22;59;;2.1, Long, Timings, Ship
1099;Out of Chaos;207;;;Main List;91795562;22;80;;2.1, XL, NONG, Learny, Gimmicky, Duals, Overall
1100;VIRTUE;206;;;Main List;72943745;22;75;;2.1, Long, NONG, Clicksync, Chokepoints, Learny, Flow, Overall
1101;Under lavaland;206;544;100;Main List;44169362;22;59;;2.1, Long, Chokepoints, Slow-Paced, Nerve Control, Ship
1102;Myocardia;205;;;Main List;75248070;22;71;;2.1, Long, Clicksync, Fast-Paced, Timings, Chokepoints, Gimmicky
1103;Reflective;205;;;Main List;78831233;21;71;;2.1, Long, Flow, Overall
1104;Exotic Energy;204;612;100;Main List;57312412;22;59;;2.1, Long, Timings, Chokepoints, Nerve Control, Overall
1105;Lotus;204;;;Main List;104619741;22;66;;2.2, Long, Overall, Chokepoints, Learny
1106;Icon Breaker 2;203;;;Main List;140061776;22;65;;2.2, Long, Timings, Chokepoints, Memory, Gimmicky, Cube
1107;The Ultimate Return;202;;;Main List;116124917;21;46;;2.2, XL, Chokepoints, Learny, Wave, Overall
1108;Disastrous Downpour;202;;;Main List;77205012;22;66;;2.1, Long, Chokepoints, Ship
1109;Vexatious;201;;;Main List;96050702;21;80;;2.1, Long, Chokepoints, Learny, Duals, Overall
1110;Wacky McWhackface v2;201;;;Main List;93019675;22;55;;2.1, Long, Clicksync, Timings, Learny, Flow, Wave
1111;Ergonomic Chair;200;;;Main List;121864716;24;68;;2.2, Long, Timings, Ship, Wave, New Swing
1112;Specthys (2P);200;;;Main List;123501215;21;73;sí;2.2, Long, 2P, Timings, Learny
1113;Destinies;199;;;Main List;108672705;22;91;;2.2, XXL, Nerve Control, Fast-Paced, Learny, Spider, Duals, Timings
1114;TREMORS;199;;;Main List;89471892;22;56;;2.1, Long, Overall
1115;Hydraulic Overdrive;198;660;100;Main List;35680614;22;67;;2.1, Long, Overall, Chokepoints, Learny, Gimmicky, Bossfight, Cube, Ship, Duals
1116;HyperHyperHyperHyper;198;;;Main List;119189795;22;67;;2.2, Long, Fast-Paced, Timings, Chokepoints, Overall
1117;court circuit;197;;;Main List;89976481;22;74;;2.1, XL, Ship, Slow-Paced, Duals
1118;Impasse;197;;;Main List;70211427;22;62;;1.9PS, Long, NONG, Overall, Learny
1119;sarthix;196;;;Main List;75232616;22;72;;2.1, Long, NONG, Timings, Wave, Learny
1120;EX;196;;;Main List;88660668;21;80;;2.1, XL, Fast-Paced, Learny, Flow, Nerve Control, Overall
1121;Runtime Error;195;;;Main List;113036509;22;75;;2.2, Long, Timings, Memory, Ship, Wave
1122;Chub Chub;195;;;Main List;89794133;22;61;;2.1, Long, Fast-Paced, Learny, Gimmicky, Flow, Overall
1123;Mjolnir;194;;;Main List;77878647;21;68;;2.1, Long, Clicksync, Learny, Flow, Bossfight, Overall
1124;Dualist (2P);194;117;100;Main List;130464801;22;75;sí;2.2, Long, 2P, Timings, Overall
1125;HyperLuma;193;;;Main List;109795047;23;53;;2.2, Long, Clicksync, Fast-Paced, Timings, Duals, Overall
1126;last ship was cool;193;;;Main List;103748335;23;57;;2.2, Long, Chokepoints, Memory, Gimmicky, Ship, Ball
1127;Tenkai (2P);192;222;100;Main List;64100176;21;59;sí;2.1, XL, 2P, Timings, Learny, Slow-Paced, Cube, Overall
1128;Spacious Senses;192;;;Main List;126557029;21;88;;2.2, XL, Chokepoints, Memory, Gimmicky, Nerve Control, Cube
1129;Welcome To GD News;191;;;Main List;87072454;22;70;;2.1, Long, NONG, Flow, Overall
1130;1330X;191;;;Main List;78374157;22;60;;2.1, Long, NONG, Clicksync, Fast-Paced, Chokepoints, Ship, Wave, Overall
1131;TORNADO;190;;;Main List;83098728;21;78;;2.1, Long, NONG, Fast-Paced, Chokepoints, Learny
1132;vast waters;190;;;Main List;107653994;21;77;;2.2, XL, Timings, Nerve Control
1133;Hopping Over Puddles;189;;;Main List;96383314;22;62;;2.1, Long, Timings, Chokepoints, Cube
1134;4ucked Up;189;;;Main List;92473158;22;55;;2.1, Long, Fast-Paced, Flow, Overall
1135;Electrical Fusion;188;;;Main List;113769437;23;59;;2.2, Long, Fast-Paced, Overall
1136;WNDLSS LNDSCP;188;;;Main List;133299407;22;72;;2.2, Long, Clicksync, Unbalanced, Learny, Gimmicky, Wave
1137;Reaper Lair;187;;;Main List;95617660;22;53;;2.1, Long, Timings, Chokepoints, Flow, Ship, Fast-Paced
1138;Wind Storm;187;;;Main List;88940074;21;70;;2.1, Long, Timings, Overall
1139;Time Pulse;186;;;Main List;67699606;21;65;;2.1, XXL, Learny, Nerve Control, Overall
1140;Pumped Up Kicks;186;624;100;Main List;48353992;21;41;;2.1, XXL, NONG, Timings, Chokepoints, Nerve Control, Ship, UFO
1141;ONVIL FACTORY;185;;;Main List;113723435;22;74;;2.2, Long, Timings, Memory, Slow-Paced
1142;recollection;185;;;Main List;112625737;22;91;;2.2, XL, Chokepoints, Memory, Overall
1143;Recrystallize;184;;;Main List;87871245;22;61;;1.9PS, XXL, Nerve Control, Fast-Paced, Learny, Overall
1144;Death Sentence ;184;;;Main List;109855055;22;66;;2.2, Long, Timings, Slow-Paced, Wave
1145;FUTURE DEMON MACHINE;183;;;Main List;94923922;22;67;;2.1, Long, Timings, Wave
1146;Cupid;183;;;Main List;95757926;22;76;;2.1, Long, Fast-Paced, Timings, Flow, Cube, Overall
1147;Sleepwalking;182;;;Main List;126978758;22;66;;2.2, Long, Timings, Learny, Slow-Paced, Cube
1148;CRUEL;182;;;Main List;114996529;22;60;;2.2, Long, NONG, Flow, Wave
1149;Thoughtless Space;181;;;Main List;135282166;22;48;;2.2, Medium, Timings, Chokepoints, Cube, Ship
1150;sunburn;181;;;Main List;73005068;21;71;;2.1, Long, Timings, Chokepoints
1151;Skrrah;180;596;100;Main List;46510793;22;53;;2.1, Long, Fast-Paced, Chokepoints, High CPS, Wave
1152;Lonely Lights;180;;;Main List;72785216;22;75;;2.1, Long, NONG, Learny, High CPS
1153;Frightful Melody;179;;;Main List;51311699;22;71;;2.1, Long, Overall, Fast-Paced, Timings, High CPS
1154;A2Marbl;179;581;100;Main List;59141478;22;71;;2.1, XL, Clicksync, Fast-Paced, Chokepoints, High CPS, Nerve Control, Wave, Spider
1155;NEKOTINE;178;;;Main List;110335946;22;77;;2.2, Long, Clicksync, Fast-Paced, Chokepoints, Ship, Wave, Overall
1156;4Elements;178;;;Main List;91692203;21;65;;Long, Timings, Ship, Wave, Old Swing, 1.9PS
1157;Gaming;177;;;Main List;84765340;21;70;;1.9PS, Long, Fast-Paced, Cube, Ship, Wave
1158;Yeo Baek;177;;;Main List;113336301;22;57;;2.2, Long, Timings, Chokepoints, Duals
1159;Another Phase;176;;;Main List;74194269;22;58;;1.9PS, Long, Fast-Paced, Overall
1160;Grill Kill;176;590;100;Main List;54833498;22;62;;2.1, Long, Chokepoints, Overall
1161;Pound Town;175;;;Main List;43638852;22;59;;Long, Overall, Chokepoints, Wave, 2.0
1162;The Grotto;175;;;Main List;108897593;22;77;;2.2, Long, Clicksync, High CPS, Ship, Wave
1163;Hades;174;;;Main List;100826801;21;53;;2.2, Long, NONG, Chokepoints, Learny
1164;morning vibe;174;;;Main List;118044718;22;62;;2.2, Long, Timings, Chokepoints, Cube, Ship
1165;Convulsing Light;173;;;Main List;132904827;22;68;;2.2, Long, Circles, Clicksync, Wave
1166;RIVERS OF NAZARETH;173;;;Main List;114422869;22;72;;2.2, Long, Clicksync, Chokepoints, Learny, Gimmicky, Ship, Duals
1167;Reeses Potentially 2;172;;;Main List;128991737;21;79;;2.2, Long, Overall
1168;Shukufuku;172;;;Main List;93916671;22;66;;2.1, Long, NONG, Fast-Paced, High CPS, Clicksync, Flow
1169;Zen Blast;171;;;Main List;130508187;22;73;;2.2, XL, Fast-Paced, Learny, Flow, Nerve Control
1170;MasmeCrescent;171;;;Main List;115479370;22;66;;2.2, Long, Chokepoints, Overall
1171;Eternal Dreams;170;;;Main List;100486896;21;77;;2.2, Long, Overall, Clicksync, Chokepoints, Flow, Cube
1172;loop;170;;;Main List;89156629;21;78;;2.1, Long, Timings, Memory, Slow-Paced, Cube
1173;Zenith (HJfod);169;;;Main List;55334106;22;50;;2.1, Long, Overall
1174;Canneles au chocolat;169;;;Main List;111849025;22;63;;2.2, Long, NONG, Clicksync, Chokepoints, Learny, Wave, Overall
1175;ABSURDIA;168;;;Main List;102017741;21;58;;2.2, Long, Fast-Paced, Learny, Overall
1176;wutend;168;;;Main List;108378056;21;67;;2.2, Long, NONG, Timings, Learny, Gimmicky, Wave, New Swing
1177;Psychopath (Skulzi);168;;;Main List;96970924;23;65;;2.1, Long, Fast-Paced, Overall
1178;Armageddon;167;;;Main List;62781860;22;60;;2.1, Long, Fast-Paced, Ship, Wave, Overall
1179;NecropoliX;167;600;100;Main List;36449129;21;64;;2.1, Long, Timings, Chokepoints, Learny, Cube
1180;AMPLIFY;166;;;Main List;135969418;22;81;;2.2, Long, Overall
1181;Noble Plague;166;;;Main List;114607963;23;69;;2.2, Long, Fast-Paced, Timings, Chokepoints, Wave
1182;PAINFUL PLAYLAND;165;;;Main List;90922017;21;84;;2.1, XL, Timings, Memory, Slow-Paced, Nerve Control, Cube, Ship
1183;Four (shoe42);165;;;Main List;139763131;21;73;;2.2, Long, Clicksync, Learny, High CPS, Flow
1184;KOLOR KORE;164;;;Main List;125771235;22;42;;2.2, Long, High CPS, Wave
1185;cerebral hemorrhage;164;;;Main List;88853479;21;64;;2.1, Long, Wave, Circles, Duals
1186;IH8;163;;;Main List;126077717;22;64;;2.2, Long, Chokepoints, Learny
1187;nowdead;163;;;Main List;69459902;22;69;;1.9PS, Long, NONG, Clicksync, Timings, Chokepoints, High CPS, Wave
1188;I NEVER DREAM;162;;;Main List;76931927;21;82;;2.1, Long, NONG, Timings, Learny, Cube, Ship
1189;Artificial Dream;162;;;Main List;38550757;21;72;;2.1, Long, Fast-Paced, Chokepoints, Ship, Wave, Overall
1190;RTX ON;161;;;Main List;81549790;21;53;;2.1, Long, Overall, Fast-Paced, Timings, Chokepoints, Flow, Cube, Wave
1191;TUAPEKA;161;;;Main List;92299438;21;77;;2.1, Medium, High CPS, Clicksync, Ship, Wave
1192;The Antimatter;160;583;100;Main List;36155309;22;66;;2.1, Long, Timings, Chokepoints, Learny, Ship, Wave, Duals
1193;gloss;160;;;Main List;95568649;22;77;;2.1, Medium, Duals, Overall
1194;Paranoid;159;;;Main List;141179568;21;68;;2.2, Long, NONG, Ship, Duals, Overall
1195;THE DRIP TRIP;159;;;Main List;93429323;23;74;;2.1, Long, Fast-Paced, Learny, High CPS, Gimmicky, Flow, Overall
1196;Once Again;159;;;Main List;95911424;22;71;;2.1, Long, Overall, Learny, Flow, Cube, Ship
1197;Brave;158;;;Main List;137059352;22;79;;2.2, Long, Fast-Paced, Mirror, Overall
1198;Mandragora;158;;;Main List;60480035;21;62;;2.1, XL, Learny, Chokepoints, Nerve Control
1199;HURRICANE;157;;;Main List;60726930;21;74;;2.1, Long, NONG, Fast-Paced, Learny, High CPS, Overall
1200;SAITAMA 2000;157;;;Main List;140826973;22;69;;2.2, Long, NONG, Clicksync, Fast-Paced, High CPS, Flow
1201;Fair Morning;156;;;Main List;130554006;21;71;;2.2, Medium, Timings, Chokepoints, Slow-Paced, Wave
1202;Fexty;156;598;60;Main List;25449475;21;66;;2.1, Medium, Chokepoints, Gimmicky, Wave
1203;CHERRYCRUSH;155;;;Main List;129447575;22;72;;2.2, Long, Clicksync, Fast-Paced, Overall
1204;SUBVERSIVE;155;616;63;Main List;20937583;21;56;;2.0, XXL, Learny, Nerve Control
1205;iI HOT Ii;154;;;Main List;130447818;22;50;;2.2, Long, Clicksync, Timings, UFO
1206;Marlboro reds;154;;;Main List;103953282;21;69;;2.2, Long, Timings, Fast-Paced, Ship, Wave, Flow, Clicksync
1207;Gentlemens Clique (2P);153;;;Main List;85231431;22;66;sí;2.1, Long, 2P, Learny
1208;Violently X;153;609;100;Main List;39976494;21;57;;2.1, Long, Fast-Paced, Wave, Cube
1209;Luma;153;;;Main List;114849191;21;69;;2.2, Long, Timings, Learny, Gimmicky, Cube, Robot
1210;Steel Terrors;152;;;Main List;119653522;21;84;;2.2, Long, Learny, Duals, Overall
1211;Quadratic Function;152;;;Main List;105290756;21;51;;2.2, Long, Chokepoints, Learny, High CPS
1212;The Man With No Eyes;151;;;Main List;113710624;21;75;;2.2, Long, Chokepoints, Learny, Slow-Paced, Ship, Duals
1213;The Ultimate Phase;151;651;77;Main List;7174110;21;43;;1.9, Long, Timings, Chokepoints, Nerve Control, Ship
1214;The Rainbow Switch;150;;;Main List;96858692;22;72;;2.1, Long, Learny, Gimmicky
1215;In Circles;150;;;Main List;119133802;21;63;;2.2, Long, Circles, Learny, Wave, Duals
1216;SMASH;149;;;Main List;95263403;21;68;;2.1, Long, Overall, Fast-Paced, High CPS, Ship, Wave
1217;LA43;149;;;Main List;95369105;22;71;;2.1, Long, Learny, Memory
1218;stand in the snow;148;;;Main List;89437280;21;61;;2.1, Long, Slow-Paced, Clicksync, Timings, Wave, Chokepoints
1219;squelch;148;;;Main List;116820901;21;74;;2.2, Long, Chokepoints, Learny, High CPS, Gimmicky, Mirror
1220;EXTREME MEMORY MIX;148;;;Main List;128765333;21;81;;2.2, Long, Fast-Paced, Memory, Overall
1221;Cyberstorm;147;;;Main List;87668112;21;61;;2.1, Long, Fast-Paced, Timings, Cube, Overall
1222;Vanish;147;;;Main List;109670049;21;48;;2.2, Long, Clicksync, Flow, Overall
1223;Haircut;146;;;Main List;134325077;22;64;;2.2, XL, Clicksync, Gimmicky, Cube, Ship, Ball, UFO
1224;pulsation;146;;;Main List;83948570;20;48;;2.1, Long, Clicksync, Timings, Chokepoints, Cube, Ship
1225;Semicolon 3;145;;;Main List;81944593;21;70;;2.1, Long, Timings, Learny, Duals
1226;cloudscape;145;;;Main List;94741609;21;61;;2.1, Long, Fast-Paced, Wave, Overall
1227;Aurorae;144;;;Main List;60150813;21;45;;2.1, Long, Fast-Paced, Timings, Overall
1228;M A N I X;144;;;Main List;30586021;21;58;;2.0, Long, Learny, Memory
1229;Acrozis;143;;;Main List;71136146;22;62;;2.1, Long, Timings, Slow-Paced, Wave
1230;Dismay (ewop);143;;;Main List;64680297;21;71;;2.1, Long, NONG, Timings, Overall
1231;Gaming 35;143;;;Main List;111230291;22;72;;2.2, Long, NONG, Timings, Overall
1232;Nacreous Snowmelt;142;;;Main List;112777891;21;78;;2.2, Long, Fast-Paced, Timings, High CPS, Flow, Overall
1233;KUB;142;;;Main List;89145099;22;70;;2.1, Long, NONG, Timings, Cube
1234;Generic Glow Level;141;;;Main List;94862078;21;62;;2.1, Long, Overall, Learny
1235;Ichor;141;;;Main List;135651776;23;52;;2.2, Long, Clicksync, Fast-Paced, Timings, New Swing, Overall
1236;CodeName Finale;140;;;Main List;134325158;24;31;;2.2, XL
1237;headlock;140;;;Main List;94353238;21;89;;2.1, Long, 2P, Learny, Gimmicky, Duals, Overall
1238;Aksion;139;;;Main List;85937779;21;72;;2.1, Long, Fast-Paced, Gimmicky, Overall
1239;Psychotic;139;;;Main List;89277532;21;67;;2.1, Long, Overall, Fast-Paced, High CPS, Wave
1240;15 Step;139;;;Main List;90692678;21;53;;2.1, Long, NONG, Clicksync, Chokepoints, High CPS, UFO
1241;Sky tech;138;626;100;Main List;38047229;21;54;;2.1, Long, Timings, Cube, Wave, Overall
1242;wtf;138;;;Main List;93570042;21;68;;2.1, Long, Timings, Learny, Nerve Control, Duals
1243;BYE;137;;;Main List;61350256;21;46;;2.1, Long, Clicksync, Timings, Duals
1244;MAKE ME SAD;137;;;Main List;98018943;21;78;;2.2, Long, NONG, Timings, Learny, Ship
1245;Techno Flashes;136;;;Main List;103000561;22;74;;2.2, Long, Timings, Learny
1246;Crowded Void;136;;;Main List;93749484;22;45;;2.2, XL, Overall, Timings, Learny, Gimmicky, Slow-Paced, Duals
1247;Broken Signal;135;;;Main List;69108628;21;77;;2.1, Long, NONG, Clicksync, Fast-Paced, Timings, Mirror, Wave
1248;INFLAMMABLE INFUSION;135;;;Main List;76714808;22;70;;2.1, Long, Timings, Learny, Chokepoints, Overall
1249;Volume;135;613;100;Main List;48020496;21;62;;2.1, Long, Timings, Wave, Ship, Chokepoints
1250;Mazemory;134;;;Main List;105609694;21;74;;2.2, Long, Memory
1251;Aura (Duque01);134;;;Main List;117428580;22;61;;2.2, Long, Timings, Ship, UFO
1252;SEGFAULT;133;;;Main List;105834559;21;76;;2.2, Long, Memory, Wave, Ship
1253;reverence;133;;;Main List;63433024;21;74;;2.1, Long, Clicksync, Fast-Paced, Learny, High CPS, Flow
1254;Carbon;132;;;Main List;86754759;21;68;;2.1, XL, Timings, Slow-Paced, Overall
1255;On1y Cub3;132;;;Main List;73878822;21;68;;2.1, Medium, Timings, Learny, Gimmicky, Cube
1256;your brain on brain;132;;;Main List;117525559;21;69;;2.2, Long, Timings, Cube, Robot
1257;Napalm;131;;;Main List;65561437;21;74;;2.1, Long, Learny, High CPS
1258;Stellaluna;131;;;Main List;77312559;21;52;;2.1, Long, Timings, Wave, Ship, Nerve Control
1259;PARANOIA (AAAAAlex);130;;;Main List;134649363;22;80;;2.2, Long, NONG, Memory, Ship, Wave
1260;Tech Manifestation;130;617;100;Main List;55985772;21;44;;2.1, Long, Timings, Chokepoints, Unbalanced, Slow-Paced
1261;Silverstone Hills;129;;;Main List;136953694;21;86;;2.2, Long, Timings, Gimmicky, Robot
1262;ElectroLux;129;542;100;Main List;59672357;22;78;;2.1, XL, Learny, Chokepoints, High CPS
1263;Interstellar Entropy;128;;;Main List;68578147;21;84;;2.1, XL, Fast-Paced, Learny
1264;BOINKERS;128;;;Main List;116306886;22;65;;2.2, Long, Fast-Paced, Timings, Ship, Wave
1265;Our Fountain;128;;;Main List;58023558;21;64;;2.1, XL, Timings, Chokepoints, Learny, Gimmicky, Slow-Paced, Wave
1266;STARBREAKER;127;;;Main List;123386255;21;84;;2.2, Long, Clicksync, High CPS, Duals
1267;Bored Walk;127;;;Main List;75700448;21;70;;2.2, Long, Timings, Chokepoints, Gimmicky, Slow-Paced, Cube, Overall
1268;Retention;126;601;82;Main List;18697406;21;79;;2.0, Long, Duals, Learny, Timings
1269;Falling Up;126;637;72;Main List;24301797;21;62;;2.0, XL, Chokepoints, Nerve Control, Ship, Duals
1270;Enlightened memories;125;;;Main List;78011370;21;69;;2.1, Long, Overall, Fast-Paced, Duals
1271;Shimmer (MercuryDT);125;;;Main List;114510471;22;61;;2.2, Long, Clicksync, Timings, Nerve Control, Ship, Wave
1272;NO MORE;125;;;Main List;97087325;22;68;;2.2, XXL, NONG, Fast-Paced, Learny, Nerve Control, Duals
1273;ROW;124;;;Main List;117907680;21;80;;2.2, Long, NONG, Clicksync, Fast-Paced, Flow, Overall
1274;La Llorona;124;;;Main List;92362284;21;66;;2.1, XL, Timings, Learny, Nerve Control
1275;Ferrum Frenzy;123;;;Main List;64239577;21;67;;2.1, XL, Overall, Nerve Control
1276;PLUS ULTRA;123;;;Main List;60512120;21;88;;2.1, Long, Clicksync, High CPS, Flow, Wave, Overall
1277;Ballistic Funk;123;;;Main List;63862905;21;79;;2.1, Long, Clicksync, Timings, Cube
1278;SMARTISH MODE;122;;;Main List;89901532;21;68;;2.2, Long, NONG, Fast-Paced, Learny, Gimmicky, Wave, Robot
1279;Vacant;122;;;Main List;93596347;21;62;;2.1, Long, Clicksync, Timings, Ship, Wave, Robot
1280;Last Station;121;;;Main List;85492715;21;76;;2.1, Long, Timings, Learny, Nerve Control, Cube, Ship
1281;Wintertime;121;;;Main List;66910690;21;41;;2.1, XXL, Learny, Nerve Control
1282;FirePower (MrLorenzo);120;;;Main List;55955642;21;56;;2.1, Long, Chokepoints, High CPS, Cube, Ship, Wave
1283;ZOOOOOOOOOOOOOOOOOOM;120;;;Main List;95228237;21;80;;2.1, Long, Clicksync, Fast-Paced, High CPS, Flow, Overall
1284;SHURIMA;120;;;Main List;113138918;21;79;;2.2, Long, Timings, High CPS, Overall
1285;ILOVECYAN;119;;;Main List;78119012;21;75;;2.1, Long, Overall, Fast-Paced, Learny, High CPS, Flow
1286;Red World Rebirth;119;608;59;Main List;20077821;21;48;;2.0, Long, Chokepoints, Unbalanced, Slow-Paced, Ship, Old Swing
1287;Backlights;118;;;Main List;91701349;21;67;;2.1, Long, Fast-Paced, Timings, Flow, Cube, Overall
1288;YIPPEE;118;;;Main List;101948024;21;66;;2.2, Long, Fast-Paced, Timings, Gimmicky, Ship, Ball, Robot
1289;3ABNCNMOCT6;117;;;Main List;118685630;21;74;;2.2, Long, NONG, Fast-Paced, Learny, Gimmicky, Cube
1290;Cybersonic;117;;;Main List;124483358;21;74;;2.2, Long, Fast-Paced, Overall
1291;Evil Inside;117;;;Main List;119203367;23;58;;2.2, Long, Clicksync, Fast-Paced, Learny, Flow, Overall
1292;POURING;116;;;Main List;126958331;21;58;;2.2, Long, Fast-Paced, Learny, Overall
1293;Clown Control;116;;;Main List;113620104;21;73;;2.2, Long, Clicksync, Fast-Paced, Timings, High CPS, Wave, Overall
1294;Northern Essence;115;;;Main List;116415188;21;62;;1.9PS, Long, Ship, Wave
1295;XtC;115;;;Main List;106508870;21;51;;2.2, Long, High CPS, Wave
1296;Heart Attack;115;;;Main List;89190831;21;59;;2.1, Long, Overall, Chokepoints
1297;Evil Depths;114;;;Main List;88506157;21;52;;2.1, Long, Chokepoints, Flow
1298;Dismal Duststorm;114;;;Main List;89201076;21;74;;2.1, Long, Learny, Timings, Nerve Control
1299;Azure Metropolis;113;;;Main List;136107492;21;74;;2.2, Long, Timings, Chokepoints, Learny, Duals
1300;Diligence;113;;;Main List;62419473;22;76;;2.1, Long, Learny, Nerve Control
1301;Extremoduro;112;;;Main List;123111660;21;69;;2.2, Long, NONG, Timings, Chokepoints, High CPS, Wave
1302;Dark Rivalry;112;641;100;Main List;40895189;21;60;;2.1, Long, Fast-Paced, Timings, Cube, Ship, Wave, Overall
1303;Breakout (Surv);112;589;43;Main List;25241513;21;59;;2.0, Long, Chokepoints, Duals, Overall
1304;Zettabyte;111;625;100;Main List;56089612;21;73;;2.1, Long, Timings, Chokepoints, Learny, High CPS
1305;Stasis;111;;;Main List;119137644;21;93;;2.2, Long, Timings, Gimmicky, Duals
1306;Xas tech;110;;;Main List;129826991;;74;;2.2, Long, Clicksync, Timings, High CPS, Cube, Overall
1307;JRJRJR;110;;;Main List;115169829;21;72;;2.2, Long, NONG, Learny, Gimmicky, Wave
1308;Extinction II;110;;;Main List;129289951;21;63;;2.2, Long, Overall
1309;Cosmic Cluster;109;;;Main List;84849805;21;42;;1.9PS, Long
1310;Unearthed;109;588;100;Main List;50833396;21;57;;2.1, XXL, Overall, Chokepoints, Nerve Control, Wave
1311;Party Rock Anthem;108;;;Main List;83658556;21;69;;2.1, Long, Clicksync, Fast-Paced, Learny, High CPS, Flow, Cube, Wave
1312;Gilt Chin;108;;;Main List;143441127;21;88;;2.2, Long, Memory, Slow-Paced, Cube
1313;doradura;108;;;Main List;77114615;21;55;;2.1, Long, NONG, Clicksync, Fast-Paced, Timings, Chokepoints, Flow, Overall
1314;Project alter;107;;;Main List;107641215;21;55;;1.9PS, Medium, Circles, Wave
1315;Reunite;107;;;Main List;83268944;22;38;;2.1, XL, Chokepoints, Nerve Control
1316;Witching Hour;106;;;Main List;94083417;21;69;;2.1, Long, NONG, Learny, Timings, Clicksync, Gimmicky
1317;Deception Dive;106;595;80;Main List;34379100;21;57;;2.1, XL, Fast-Paced, Chokepoints, High CPS, Overall, Nerve Control
1318;Reanimate;106;;;Main List;80335620;21;72;;2.1, XL, NONG, Clicksync, Fast-Paced, Learny, High CPS, Flow, Nerve Control, Duals
1319;Awakening Horus;105;628;100;Main List;39458641;21;71;;2.1, Long, Fast-Paced, Chokepoints, Gimmicky, Bossfight, Ship, Wave, Overall
1320;Crowd Control;105;;;Main List;69491632;21;70;;2.1, Long, Fast-Paced, Timings, Unbalanced, Cube, Ship, Wave, Overall
1321;Miscellaneous Memory;104;;;Main List;83801688;21;82;;2.1, Long, Memory
1322;FULLPOWER;104;;;Main List;121734502;21;80;;2.2, Long, Clicksync, Fast-Paced, Learny, High CPS, Wave
1323;OXI;103;;;Main List;103411024;21;76;;2.2, Long, Clicksync, Fast-Paced, Learny, High CPS
1324;inMind;103;;;Main List;111266375;21;44;;2.2, XXL, Duals, Chokepoints, Learny
1325;aether (Zeptoz);103;;;Main List;77570274;21;54;;2.1, Long, Fast-Paced, Flow, Overall
1326;Air Tech;102;;;Main List;77698239;21;63;;2.1, Long, Fast-Paced, Wave, Overall
1327;Elite Z Rebirth;102;586;45;Main List;26157409;21;59;;Long, 2P, Timings, Learny, Memory, Chokepoints, 2.0
1328;CYCLONE;101;618;100;Main List;54917442;21;67;;2.1, Long, NONG, Fast-Paced, Chokepoints, High CPS, Overall
1329;Neon Guts;101;;;Main List;89192645;21;74;;2.1, Long, Overall, Clicksync, Learny, Gimmicky, Flow, Ship, Wave
1330;Soundwave;101;;;Main List;121257148;21;52;;2.2, Long, Timings, Wave
1331;FanTasticLand;100;;;Main List;63422160;21;32;;2.1, Long, Timings, Chokepoints, Spider, Overall
1332;Outside Eyesight;100;;;Main List;105884231;21;78;;2.2, Long, Fast-Paced, Chokepoints, Memory, Gimmicky
1333;Faith;99;;;Main List;62419475;21;68;;2.1, XL, Fast-Paced, Chokepoints, Learny, Flow, Nerve Control, Duals, Overall
1334;Rayovac;99;;;Main List;97018999;21;62;;2.1, Long, Learny, Flow
1335;Malware II;99;;;Main List;50000528;21;60;;2.1, Long, Learny, Fast-Paced, Timings
1336;CholeriX;98;602;100;Main List;40902405;21;56;;2.1, Long, 2P, Timings, Learny, Overall
1337;Polish Alphabet;98;623;100;Main List;48765988;20;57;;2.1, Long, Timings, Chokepoints, Nerve Control, Duals, Overall
1338;TROLLMACHINE;97;;;Main List;84325817;21;68;;2.1, Long, NONG, Clicksync, Fast-Paced, Chokepoints, High CPS, Flow, Duals
1339;Lonely Abyss;97;;;Main List;128908939;22;49;;2.2, Long, Timings, Slow-Paced, Robot, Duals, Overall
1340;Red Moon;97;;;Main List;105114233;20;57;;2.2, Long, Chokepoints, Cube, Gimmicky
1341;STRATUS;96;;;Main List;100485888;20;78;;2.2, Long, Overall, Fast-Paced, Learny
1342;it back;96;;;Main List;81744548;21;50;;2.1, XL, Chokepoints, Gimmicky, Nerve Control, Cube, Overall
1343;night party;96;631;100;Main List;39242117;21;62;;2.1, XL, Timings, Chokepoints, Nerve Control
1344;FinKor;95;;;Main List;59585590;21;57;;2.1, XXL, Chokepoints, Nerve Control, Overall
1345;peak;95;;;Main List;93160086;22;57;;2.1, Long, Learny, Duals
1346;Voided;94;;;Main List;82598548;21;73;;2.1, Long, Learny, High CPS, Clicksync
1347;UltraSans;94;620;100;Main List;50008168;21;72;;2.1, XL, Learny, Memory, Mirror, Nerve Control, Old Swing, Overall
1348;UNG;94;;;Main List;96512076;20;71;;2.1, Long, Overall, Fast-Paced, Timings, Cube, Ball
1349;Obscura;93;312;100;Main List;96039801;21;72;;2.1, Long, Clicksync, Fast-Paced, Learny, UFO, Overall
1350;Unknown Civilization;93;;;Main List;88912081;20;61;;2.1, Long, NONG, Learny, Flow, Wave
1351;DREAMS TAKE OVER;92;;;Main List;110194902;21;52;;2.2, Long, Learny
1352;0 mind;92;;;Main List;111596039;21;63;;2.2, Long, Clicksync, Timings, Learny, Gimmicky, Cube, Ball, Spider
1353;Vignette;92;;;Main List;70132215;21;54;;2.1, Long, Timings, Learny, Duals
1354;SHINE;91;;;Main List;116735521;21;42;;2.2, Long, Wave
1355;Beyond the summit;91;;;Main List;94839390;21;69;;2.1, XXL, NONG, Fast-Paced, Timings, Cube, Overall
1356;CICADA3302;90;;;Main List;96036893;21;86;;2.1, XXL+, Fast-Paced, Timings, Learny, Overall
1357;Maths;90;;;Main List;108558924;21;83;;2.1, Long, Learny, High CPS, Clicksync
1358;Color Beam;90;;;Main List;121243106;21;77;;2.2, XL, Fast-Paced, Memory, Nerve Control, Overall
1359;wiggle water;89;;;Main List;116352044;22;79;;2.1, Long, Timings, Slow-Paced, Robot
1360;Daybreak;89;;;Main List;61537537;21;42;;2.1, Long, Timings, Chokepoints, Wave, Overall
1361;Explosion;88;;;Main List;56889568;21;66;;2.1, Long, Timings, Chokepoints, Nerve Control
1362;Allegiance;88;630;62;Main List;20761188;21;63;;2.0, Long, Timings, Chokepoints, Ship, Overall
1363;Boreas;88;;;Main List;86282138;21;70;;2.1, Long, Timings, Chokepoints, Cube, Ship, Wave, Duals, Overall
1364;BLACKLIGHTS;87;;;Main List;92782493;20;67;;2.1, Medium, Clicksync, Fast-Paced, Timings, Overall
1365;The Gins II;87;;;Main List;95481638;21;79;;2.1, Long, Fast-Paced, Learny, High CPS, Bossfight, Ship, Wave
1366;Pessimism;87;;;Main List;109050674;22;73;;1.9PS, Long, Chokepoints, Memory, Wave
1367;Vertigo (PAHC);86;;;Main List;108664680;20;56;;2.2, Long, Chokepoints, Memory, Gimmicky
1368;imitation game;86;;;Main List;102562296;21;83;;2.2, Medium, NONG, Clicksync, Learny, High CPS
1369;IDOL19;85;;;Main List;92128198;21;66;;1.9PS, XXL, NONG, Fast-Paced, Learny, Nerve Control, Old Swing, Overall
1370;Jail Break;85;;;Main List;111336924;21;55;;2.2, Long, Timings, Chokepoints, Overall
1371;Existentia;85;;;Main List;117171216;21;63;;2.2, Long, Clicksync, Fast-Paced, Chokepoints, Learny, Flow, Overall
1372;any percent;84;;;Main List;78722357;21;81;;2.1, Long, NONG, Fast-Paced, Flow, Wave, Overall
1373;Clock tower;84;;;Main List;105095161;21;78;;2.2, Long, Clicksync, Timings, Memory, Slow-Paced, Cube, Duals
1374;HyperSonic;83;633;47;Main List;30219145;20;57;;2.1, Long, Chokepoints, Unbalanced, Learny, Nerve Control, Duals, Overall
1375;CITYFADE;83;;;Main List;104529377;20;78;;2.2, XXL+, NONG, Clicksync, Learny, Gimmicky, Slow-Paced, Nerve Control, Cube
1376;Falsch;83;;;Main List;102682401;21;68;;2.2, Long, Timings, Chokepoints
1377;PixelSonic;82;;;Main List;44788659;21;54;;2.1, Long, Overall, Chokepoints
1378;Just DANCE;82;552;100;Main List;60257058;21;58;;2.1, Long, Overall, Clicksync, Timings, Cube, Robot
1379;Psycho Killer;82;;;Main List;128295414;21;64;;2.2, Long, Fast-Paced, Learny, Flow, Ship
1380;geography dash;81;;;Main List;102385165;21;58;;2.2, XXL, Fast-Paced, Chokepoints, Learny, Nerve Control, Overall
1381;Bruno Mars;81;;;Main List;88159604;21;51;;2.1, Long, NONG, Timings, Chokepoints, Overall
1382;Uplink;80;;;Main List;81726232;21;76;;2.1, Long, Timings, Overall
1383;Light Travel;80;;;Main List;62497003;21;80;;2.1, XXL+, Chokepoints, Learny, Slow-Paced, Nerve Control, Duals, Overall
1384;The Tears Beneath;80;;;Main List;81725236;21;68;;2.1, Long, Chokepoints, Wave, Fast-Paced, Learny
1385;THE GLITCHTON (Solo);79;;;Main List;119744734;21;71;;2.2, Medium, 2P, Fast-Paced, Learny, Overall
1386;LOOSE ENDS;79;;;Main List;133471757;22;60;;2.2, Long, NONG, Clicksync, Fast-Paced, Unbalanced, Gimmicky
1387;Frenzy;79;;;Main List;91294711;21;70;;2.1, Long, Learny, Wave
1388;Expedition;78;;;Main List;113155871;21;63;;2.2, Long, Clicksync, Timings, Mirror, Overall
1389;Melon River;78;;;Main List;118931226;20;75;;2.2, Long, Timings, Learny, Gimmicky, Overall
1390;V O L L E Y;77;;;Main List;104336808;22;59;;2.2, Long, Clicksync, Chokepoints, Learny, Gimmicky, Slow-Paced, Ball
1391;My Own Funeral;77;;;Main List;115705826;21;69;;2.2, Long, Learny, Overall
1392;White Noise;77;;;Main List;68844390;21;58;;2.1, Long, Clicksync, Timings, Learny, Gimmicky, Nerve Control
1393;Twilight Spire;76;;;Main List;109637861;20;91;;2.2, Long, Memory, Cube, Ball
1394;iridium;76;;;Main List;91386392;21;61;;2.1, Long, Clicksync, Overall, Timings
1395;Cosmic Cluster II;76;;;Main List;93271158;21;72;;2.1, Long, Learny, Overall
1396;MORPHINE;75;;;Main List;114857275;21;72;;2.2, Long, Chokepoints, Flow, Overall
1397;Falling Maze;75;;;Main List;71734488;21;88;;2.1, Long, Chokepoints, Gimmicky
1398;Hydratic;74;;;Main List;59656281;20;72;;2.1, Long, Overall, Clicksync, Fast-Paced, Flow
1399;Yggdrasil;74;;;Main List;94505292;21;64;;2.1, Long, NONG, Clicksync, Fast-Paced, Learny, High CPS, Ship, Overall
1400;Matilda the Machine;74;615;42;Main List;30157581;21;68;;2.1, Long, Learny, Bossfight, Duals
1401;declassification;73;;;Main List;95471187;20;73;;2.2, Long, Fast-Paced, Overall
1402;Doop;73;647;100;Main List;51393047;21;60;;2.1, Long, NONG, Clicksync, Learny, Overall
1403;Phantasmagoria (Janucha);73;;;Main List;79142469;21;42;;2.1, Long, Overall, Timings, Chokepoints, Cube
1404;Virtual Collapse;72;;;Main List;62463489;20;60;;2.1, XL, Overall, Fast-Paced, Learny, Nerve Control
1405;Thunder Alphabet;72;;;Main List;59230188;21;66;;2.1, Long, Overall, Fast-Paced, Timings, Chokepoints, Duals
1406;Redemption;71;;;Main List;66851981;21;56;;2.1, XL, Circles, Nerve Control, Wave
1407;Schizophrenia;71;;;Main List;130627231;21;57;;2.2, Long, Nerve Control, Overall
1408;The Flawless;71;597;51;Main List;21280210;21;51;;2.0, Long, Timings, Chokepoints, Ship, Overall
1409;Robi;70;;;Main List;88172786;21;61;;2.1, Medium, Timings, Chokepoints, Slow-Paced, Ship
1410;SORRYNOTSORRY;70;;;Main List;116039153;21;77;;2.2, Long, Fast-Paced, Timings
1411;boson;70;;;Main List;116579233;21;78;;2.2, Long, Fast-Paced, Timings, Learny
1412;Castling;69;;;Main List;57023074;21;59;;2.1, Long, Fast-Paced, Timings, Chokepoints, Wave, Duals
1413;BROOKLYNBLOODPOP;69;;;Main List;137097482;21;81;;2.2, XL, NONG, Learny, Nerve Control, Overall
1414;AcropoliX;69;614;59;Main List;19300593;21;42;;2.0, Long, Timings, Slow-Paced, Wave
1415;EdenCity;68;;;Main List;94892050;20;68;;2.2, Long, Fast-Paced, Chokepoints, Nerve Control, UFO, Wave, Overall
1416;Incipient;68;610;67;Main List;32688321;20;68;;2.1, Long, Fast-Paced, Chokepoints, Overall
1417;The Ultimate Demon;67;;;Main List;93939369;21;50;;2.1, Long, Learny, Chokepoints, Ship, Gimmicky
1418;Overlord;67;;;Main List;50026818;20;47;;2.1, Long, Chokepoints, Flow, Overall
1419;MELTDOWN;67;;;Main List;52527538;20;65;;2.1, Long, Chokepoints, Ship
1420;Helios;66;;;Main List;71728635;21;76;;2.1, XL, Learny, Chokepoints
1421;POINTIERCRATE;66;;;Main List;123066284;21;63;;2.2, Long, Chokepoints, Gimmicky, Slow-Paced, Wave, Overall
1422;Hidden in the Sand;66;;;Main List;87481937;21;65;;2.1, Long, NONG, Clicksync, Timings, Slow-Paced, Ship, Overall
1423;robotchief exposal;65;;;Main List;92729757;20;56;;1.9PS, Long, Chokepoints, Timings
1424;Fishe;65;;;Main List;74914748;20;56;;2.1, Long, Chokepoints, Wave, Overall
1425;Molten Iron;65;;;Main List;130645180;21;52;;2.2, Long
1426;niflhel;64;;;Main List;90197147;20;62;;2.1, Long, Timings, Chokepoints, Overall
1427;NEBULA;64;;;Main List;116019507;20;85;;2.2, Long, Clicksync, Fast-Paced, Chokepoints, Learny, Overall
1428;Empanadas Fugaces;63;;;Main List;50672705;20;53;;2.1, Long, Fast-Paced, Chokepoints, Wave
1429;Booh;63;;;Main List;96043243;20;60;;2.1, Long, Fast-Paced, Ship, UFO
1430;Uprise;63;627;59;Main List;14977845;20;52;;2.0, Long, Chokepoints, Wave, Duals
1431;violetwall;62;;;Main List;127661518;21;64;;2.2, XL, Fast-Paced, Learny, Nerve Control, Overall
1432;Disruption;62;;;Main List;78687216;21;72;;2.1, Medium, Clicksync, Fast-Paced, High CPS, Wave
1433;FISH FISH GODMODE;62;;;Main List;89807521;21;62;;2.1, Long, Fast-Paced, Timings, Chokepoints, Gimmicky, Overall
1434;Realtered;61;;;Main List;87153593;20;66;;2.1, Long, Overall, Duals
1435;Clarity;61;;;Main List;112412828;20;84;;2.2, Long, NONG, Clicksync, Learny, Duals, Overall
1436;oGo;61;;;Main List;113716462;20;78;;2.2, Long, Clicksync, Learny, Flow, Duals, Overall
1437;four (Turtl123);60;;;Main List;88719355;21;58;;2.1, Medium, Fast-Paced, Timings, Unbalanced, Learny, Cube, UFO, Wave
1438;Make it funky;60;;;Main List;102551828;20;76;;2.2, Long, Overall, Fast-Paced, Learny, High CPS, Ship, Duals
1439;Cosmorush 21;59;635;63;Main List;21604884;21;71;;2.0, Long, Duals, Clicksync, Wave, Ship
1440;Brimtanic Paradise;59;;;Main List;59535791;20;61;;2.1, XL, Chokepoints, Nerve Control, Ship
1441;Make It Drop;59;;;Main List;75518661;20;64;;2.1, XL, Fast-Paced, Flow, Nerve Control, Overall
1442;TerrorCore;58;;;Main List;92093417;20;62;;2.1, Long, Overall, Timings, Ship, Wave
1443;Stop Breathing;58;;;Main List;108212471;21;52;;2.2, Long, NONG, Fast-Paced, Chokepoints, Learny, Ship
1444;Tung Tung Sahurcles;58;;;Main List;146066774;21;67;;2.2, Long, Circles, Clicksync, Fast-Paced, Timings, Learny, Bossfight, Wave, Spider
1445;Plasmatic;57;;;Main List;95565191;20;67;;2.1, Long, High CPS, Ship, UFO, Wave
1446;Lights Out;57;;;Main List;73837161;21;70;;2.1, Long, Overall, Timings, Spider
1447;Bangarang;57;;;Main List;112515547;21;52;;2.2, Long, Circles, Clicksync, Fast-Paced, Wave
1448;BOOST;56;;;Main List;111880610;21;61;;2.2, XL, NONG, Learny, Flow
1449;Dark Odyssey;56;;;Main List;69010770;21;70;;2.1, XXL+, Gimmicky, Nerve Control, Duals, Overall
1450;Dreamer;56;;;Main List;75162476;21;59;;2.1, XL, Timings, Slow-Paced, Nerve Control, Cube, Ship
1451;THIS CITY LIT;55;;;Main List;105409034;20;74;;2.2, Long, Learny, Overall
1452;Cerebral Torment;55;;;Main List;79807331;21;54;;2.1, Long, Wave, Ship, Duals, Timings
1453;Place;55;;;Main List;86917672;20;44;;2.1, XXL, Chokepoints, Memory, Gimmicky
1454;Tesseract;54;;;Main List;52289646;20;70;;2.1, Long, Unbalanced, Old Swing, Overall
1455;BLIND;54;;;Main List;125321427;21;71;;2.2, XL
1456;Reverie;53;;;Main List;62419638;20;60;;2.1, Long, Fast-Paced, Chokepoints, Learny, High CPS, Ship, Overall
1457;NIGHTLIGHTS;53;;;Main List;88943442;20;65;;2.1, XL, Nerve Control
1458;8o X;53;638;76;Main List;39641092;20;54;;2.1, Long, Fast-Paced, Chokepoints, Ship, UFO
1459;story 2;52;;;Main List;106154722;22;56;;2.2, XL, NONG, Gimmicky, Cube, Wave
1460;Ion;52;;;Main List;102352215;20;67;;2.2, Long, Ship, Duals
1461;FAILURE;52;;;Main List;128531884;21;68;;2.2, Long, Fast-Paced, Learny, Flow
1462;WHITE LIGHT;51;;;Main List;117563662;21;67;;2.2, Long, NONG, Timings, Overall
1463;Cold Level Go BRRRR;51;;;Main List;110479533;21;74;;Long, Overall, Fast-Paced, Learny, High CPS, Cube, Spider, 2.2
1464;Final Round;51;;;Main List;126509718;21;66;;2.2, Medium, Chokepoints, Ship, Wave
1465;Penombre;50;639;100;Main List;48454650;20;63;;2.1, Long, Fast-Paced, Chokepoints, Old Swing, Overall
1466;Grand Eclipse;50;;;Main List;126368623;20;89;;2.2, Long, Learny, Flow
1467;Anya III;50;;;Main List;81257586;20;60;;2.1, Long, Fast-Paced, Flow, Overall
1468;Forbidden Isle;49;;;Main List;63775846;20;49;;2.1, Long, Timings, Chokepoints, Ship, Wave
1469;Aimbotter Force;49;;;Main List;87930093;20;46;;XL, Overall, Learny, Nerve Control, Cube, Old Swing, Duals, 2.1
1470;The Lost Existence;49;619;100;Main List;45239692;20;56;;2.1, XXL+, Timings, Chokepoints, Slow-Paced, Nerve Control, Overall
1471;Insaction;48;604;100;Main List;57084298;20;73;;2.1, XL, Overall, Fast-Paced, Learny, Nerve Control
1472;OVERDRIVE (smango23);48;;;Main List;133401995;21;81;;2.2, Long, Clicksync, Fast-Paced, Flow, Wave, Duals
1473;Tech X;48;;;Main List;123247837;20;83;;2.2, Long, Fast-Paced, Learny
1474;XxXxXxXxXxX;47;;;Main List;86830933;21;61;;2.1, Long, Timings, Learny, Overall, Slow-Paced
1475;Torgue;47;;;Main List;60516506;20;68;;2.1, Long, Fast-Paced, Timings, Learny, High CPS, Flow, Overall
1476;Liz;47;;;Main List;110980754;20;66;;2.2, Long, Chokepoints, Flow, Wave, Duals
1477;Snowdrift;46;;;Main List;88017017;21;53;;2.1, Long, Timings, Unbalanced, Slow-Paced, Cube
1478;FIREPOWER (Kapycta999);46;;;Main List;107281415;20;78;;2.2, Long, Clicksync, Fast-Paced, Learny, High CPS, Flow
1479;Corrosion;45;;;Main List;58385535;20;61;;2.1, XXL, Timings, Nerve Control, Overall
1480;DEAD OF NIGHT (Split72);45;;;Main List;107539734;20;74;;2.2, Medium, Fast-Paced, High CPS, Cube
1481;Hollow;45;;;Main List;107854141;20;79;;2.2, XL, Timings, Memory, Gimmicky, Slow-Paced, Nerve Control, Robot
1482;verisimilitude;44;;;Main List;94587757;20;76;;2.1, Medium, Timings, Ship, Ball
1483;Malevolent;44;;;Main List;128362929;21;56;;2.2, Long, Timings, Chokepoints, Slow-Paced, Cube
1484;Ogue;44;;;Main List;90902050;20;65;;2.1, Long, Overall, Flow
1485;Pro Lov Ad;43;;;Main List;108335211;20;76;;2.2, XXL+, NONG, Memory, Gimmicky, Nerve Control, Ship
1486;phantasmagoria (whlt);43;;;Main List;76670086;20;74;;2.1, Medium, Clicksync, Timings, Learny, Ball
1487;smohcs;43;;;Main List;52448794;20;67;;1.9PS, Long, Timings, Chokepoints, Memory, Slow-Paced, Ship
1488;CONVOLVER;42;;;Main List;129550139;20;68;;1.9PS, Long, Wave
1489;Click Between Worlds;42;;;Main List;140571032;20;76;;2.2, XL, Timings, Learny, Memory, Cube
1490;Cataclysm;42;634;63;Main List;3979721;20;50;;2.0, Long, Unbalanced, Mirror, Ship, Wave, Overall
1491;HeatSeeker;41;;;Main List;109513812;20;79;;2.2, Long, Fast-Paced, Memory, Cube, Ship, Duals
1492;my worst level;41;;;Main List;127320494;20;77;;2.2, Long, Chokepoints, Flow, Wave, Overall
1493;Lost Love;41;;;Main List;85933508;20;84;;2.1, Long, Timings, Learny, Memory, Cube, Ball, Robot
1494;ampere;40;;;Main List;128454710;21;55;;2.2, Long, Timings, Chokepoints, Cube, Ship, Ball, Wave
1495;Ultimate Destruction;40;;;Main List;77408675;20;76;;1.9PS, XL, Chokepoints, Learny, Nerve Control
1496;Turnt Temp;40;;;Main List;108016996;21;55;;2.2, Long, Fast-Paced, Learny, Flow
1497;encroaching dark;39;;;Main List;100041767;20;79;;2.2, XL, NONG, Fast-Paced, Memory, Nerve Control, Duals, Overall
1498;Melancholy;39;;;Main List;78978591;21;66;;2.2, XXL+, Timings, Chokepoints, Nerve Control
1499;A Fleeting Reverie;39;;;Main List;123186264;21;86;;2.2, XL, 2P, Nerve Control
1500;Twitch Denan;38;;;Main List;95914480;20;51;;2.1, Long, Fast-Paced, Chokepoints, Learny, High CPS, Flow, Wave
1501;Komodo;38;;;Main List;41832323;20;62;;2.1, Long, Timings, Chokepoints, Ship, Wave
1502;Parallel Theory;38;;;Main List;100239627;20;64;;2.2, Long, Chokepoints, Learny, Flow
1503;Supernova;37;;;Main List;104895221;20;76;;1.9PS, Long, Fast-Paced, Mirror, Ship, Wave, Old Swing
1504;Voluto;37;;;Main List;110027124;20;68;;2.2, Long, Chokepoints, Flow, Overall
1505;Gangnam Style;37;;;Main List;129573719;20;74;;1.9PS, XXL, NONG, Chokepoints, Nerve Control, Overall
1506;goober land;36;;;Main List;114784521;20;72;;2.2, Long, Chokepoints, Overall
1507;GLISTEN;36;;;Main List;74924716;20;65;;2.1, Medium, Clicksync, Fast-Paced, Timings, Learny, Ball, Spider
1508;Destruction of God;36;652;100;Main List;44942295;20;48;;2.1, XXL, Chokepoints, Bossfight, Nerve Control, Overall
1509;ChloroPhyll;35;;;Main List;94767525;;67;;2.1, Long, Clicksync, Timings, Overall
1510;Kanpai;35;;;Main List;118613010;20;68;;1.9PS, Long, NONG, Learny, Flow
1511;Destination 19;35;;;Main List;82382742;20;74;;2.1, Long, Wave, Overall
1512;Nove Cerchi;34;;;Main List;96002712;21;57;;2.1, Long, Circles, Wave
1513;IGAKU;34;;;Main List;119732476;20;65;;2.2, Long, NONG, Chokepoints, Memory, Mirror
1514;Shotgun;34;;;Main List;85972099;21;68;;2.1, Long, Overall, Fast-Paced, Learny, Flow, Wave
1515;Alcatraz;33;603;100;Main List;57208977;20;61;;2.1, Long, Fast-Paced, Chokepoints, Gimmicky, Overall
1516;Proteus;33;;;Main List;88943354;20;53;;2.1, Long, Timings, Unbalanced, Nerve Control, Wave
1517;eclipse;33;;;Main List;123344470;20;51;;2.2, Long, Timings, Ship, Wave
1518;9blue;32;;;Main List;95061038;20;75;;2.1, Long, Clicksync, Fast-Paced, High CPS, Flow
1519;Cognitive Capacity;32;;;Main List;121538082;20;67;;1.9PS, Long, Timings, Chokepoints, Mirror, Ship, Wave, Old Swing, Duals
1520;Hazy Memories;32;;;Main List;88559663;20;87;;2.1, Long, Memory, Gimmicky
1521;FEEL ALIVE;31;;;Main List;114231424;20;83;;2.2, XL, Learny, Nerve Control, Chokepoints, Memory, Duals, NONG
1522;Shimmering Chamber;31;;;Main List;93726172;20;58;;2.1, Long, Timings, Overall
1523;Azurite (Sillow);31;;;Main List;62214792;20;56;;2.1, Long, Fast-Paced, Timings, Chokepoints, Ship, Wave
1524;Paralysis;30;;;Main List;72506465;20;64;;2.1, Long, Fast-Paced, Timings, Gimmicky, Wave
1525;Flappy Dynamix II;30;;;Main List;71850733;20;82;;2.1, Long, 2P, Fast-Paced, Timings, Learny, Gimmicky, Bossfight, UFO
1526;Aurora (hasuopf);30;;;Main List;108190614;;56;sí;2.2, Long, Timings, Chokepoints, Nerve Control, Cube, Ship
1527;Final Epilogue;29;656;100;Main List;28231603;20;56;;2.0, Long, Learny, Chokepoints
1528;The Depths Above;29;;;Main List;112371654;20;90;;2.2, Long, 2P, Timings, Gimmicky, Robot, New Swing, Overall
1529;Toxic Sewers;29;;;Main List;110416299;20;69;;2.2, Long, Fast-Paced, Learny, Wave, Duals
1530;Crimson Citadel;28;;;Main List;113719961;20;63;;2.2, Long, Ship, Duals, Overall
1531;mischievousmechanism;28;;;Main List;110812956;21;82;;2.2, XL, Chokepoints, Learny, Gimmicky, Nerve Control, Wave
1532;UNLEASH WHALE WHALES;28;;;Main List;108459320;20;67;;2.2, Long, Memory, Cube
1533;No Survivors;27;;;Main List;132458573;20;71;;2.2, Long, NONG, Circles, Wave
1534;Artificial Climb;27;;;Main List;87033090;20;76;;2.1, Long, Gimmicky, Overall
1535;Decay;27;;;Main List;84354027;20;76;;2.1, Long, Timings, Learny, Slow-Paced
1536;TANTRUM;26;;;Main List;61910810;20;50;;2.1, Long, Timings, Chokepoints, Gimmicky, Ship, Wave, Overall
1537;Spectrum Blaze;26;;;Main List;40693278;20;60;;2.1, Long
1538;Fun Friday;26;;;Main List;127135884;20;88;;2.2, Long, Clicksync, High CPS, Flow, Overall
1539;Wavetrip;26;;;Main List;118697760;20;61;;2.2, XXL, Gimmicky, Nerve Control, Wave
1540;Sephtis;25;;;Main List;75857309;20;58;;2.1, Long, Fast-Paced, Chokepoints, Flow
1541;Mystic Bounds;25;;;Main List;93549959;20;85;;2.1, XXL+, Clicksync, Fast-Paced, Nerve Control, Duals, Overall
1542;2 0;25;;;Main List;7676557;20;59;;1.9PS, Medium, Timings, Flow, Cube, Ship
1543;Mizureta;24;;;Main List;95764848;20;79;;2.2, Long, NONG, Clicksync, Fast-Paced, Learny, Flow, Overall
1544;Misty Mountains;24;;;Main List;60708767;20;62;;2.1, XL, Timings, Unbalanced, Nerve Control, Duals
1545;tensor;24;;;Main List;129365037;20;52;;2.2, Long, Timings, Chokepoints, Ship
1546;Freedom16;23;;;Main List;87326922;21;51;;1.6PS, XXL, NONG, Learny, Flow, Slow-Paced, Nerve Control
1547;niwa;23;;;Main List;87425029;20;75;;2.1, Long, NONG, Clicksync, Fast-Paced, Learny, Flow
1548;Without U;23;;;Main List;119259720;20;83;;2.2, XL, Fast-Paced, Learny, Gimmicky, Nerve Control, Duals
1549;JeonGi;22;;;Main List;89224784;20;57;;Long, Timings, Wave, Chokepoints, Clicksync, 2.1
1550;Marching Band;22;;;Main List;134499333;20;73;;2.2, Long, Chokepoints, High CPS, Flow, Overall
1551;Duplication;22;;;Main List;88577065;21;70;;NONG, 2.1, Long, Fast-Paced, Learny
1552;Prismatic;21;;;Main List;107341811;20;58;;2.2, XL, Chokepoints, Timings, Spider, Duals, Wave, Nerve Control
1553;Devils Disco;21;;;Main List;75350544;20;87;;2.1, Long, NONG, Overall, Fast-Paced, Learny, High CPS, Ball, Robot
1554;ReVolution Unleashed;21;;;Main List;109540067;21;45;;2.2, XL, Timings, Slow-Paced, Nerve Control
1555;Erosion;20;;;Main List;105219294;20;67;;2.2, Long, Fast-Paced, Timings, Learny, Memory, UFO
1556;4 Matilda;20;;;Main List;75517608;20;66;;2.1, Long, Timings, Chokepoints, Gimmicky, Nerve Control, Duals
1557;lezicuv;20;701;100;Main List;13314218;20;55;;2.0, Long, Overall, Chokepoints
1558;Me Lin A;19;;;Main List;95423156;21;66;;2.1, Long, NONG, Learny, Flow, Ship
1559;Nostalgic Overdrive;19;;;Main List;96977745;20;61;;1.9PS, Long, Fast-Paced, Chokepoints, Cube
1560;memories III;19;;;Main List;72651677;20;59;;2.1, Long, Chokepoints, Learny, Duals, Overall
1561;Pentakill;18;;;Main List;20142657;20;66;;2.0, Long, NONG, Fast-Paced, Chokepoints, Learny, Mirror, Overall
1562;Bang Gang (2P);18;;;Main List;56916170;20;62;sí;2.1, Long, 2P, Fast-Paced, Learny, Bossfight, Cube, Wave, Overall
1563;Based Gang (2P);18;;;Main List;71692057;18;76;sí;2.1, Long, 2P, Fast-Paced, Unbalanced, Bossfight, Ship, Wave
1564;Raindance;18;621;100;Main List;57019271;20;55;;2.1, Long, Fast-Paced, Timings, Chokepoints, Overall
1565;BRUTAL;17;;;Main List;138356396;21;72;;2.2, Medium, NONG, Clicksync, Fast-Paced, Chokepoints, High CPS, Flow, Ship, Wave
1566;teehee colon three;17;;;Main List;90661998;20;77;;2.1, Long, Timings, Ship
1567;BRAINWASH;17;;;Main List;114264278;20;80;;2.2, Medium, Timings, Chokepoints, Memory, Mirror, Cube
1568;troll level;16;;;Main List;76196489;20;77;;2.1, Long, NONG, Timings, Chokepoints, Memory
1569;Shine For Me;16;;;Main List;132088589;20;54;;2.2, Long, Clicksync, Duals, Overall
1570;Lone;16;;;Main List;141662502;20;64;;2.2, Long, Slow-Paced, Ship, Wave
1571;The Winged Sword;15;;;Main List;94748298;20;54;;2.2, Long, Timings, Chokepoints, Ship, Duals
1572;PARADISE POINT;15;;;Main List;113782971;20;58;;2.2, Long, Timings, Wave
1573;tran la luot;15;;;Main List;116935154;20;46;;2.2, Long, Timings, Learny, Gimmicky
1574;Jumping Demons;14;;;Main List;117061407;20;70;;2.2, Long, NONG, Timings, Gimmicky, Duals
1575;Horros (2P);14;224;49;Main List;85670310;20;55;sí;2.1, Long, 2P, Learny, Overall
1576;the super hotdog;14;;;Main List;109730342;20;71;;2.2, Medium, Clicksync, Chokepoints, Learny, High CPS, Gimmicky, Duals
1577;Fallen Horizon;13;;;Main List;127305966;20;80;;2.2, Long, Timings, New Swing
1578;ANNIHILATED;13;;;Main List;115370944;20;83;;2.2, XL, Clicksync, Timings, Duals
1579;SIGSEGV;13;;;Main List;61936205;20;73;;2.1, Long, Learny, Gimmicky, Cube
1580;Sweater Weather;12;;;Main List;81148582;20;63;;2.1, Long, NONG, Clicksync, Timings, Chokepoints, Ship
1581;squeak;12;;;Main List;123912413;20;77;;2.2, Long, Clicksync, High CPS, Cube, Spider
1582;Acu;12;;;Main List;61079355;20;75;;2.1, Long, Clicksync, Fast-Paced, Timings, Flow, Overall
1583;Monitor;12;;;Main List;125040851;20;50;;2.2, XXL, Nerve Control, New Swing, Duals
1584;Through The Decay;11;;;Main List;114933189;20;57;;2.2, Long, Timings, Slow-Paced, Cube, Spider
1585;Precipitance;11;;;Main List;60197839;20;70;;2.1, Long, Clicksync, Fast-Paced, Timings, Flow, Overall
1586;Red World;11;;;Main List;2374518;20;39;;1.8, Long, Chokepoints, Unbalanced, Slow-Paced, Ship, Old Swing
1587;rauchkammer;10;;;Main List;146399247;19;48;;2.2, Medium, Chokepoints, Unbalanced, High CPS, Ship, Wave
1588;DOUBLE DYNAMO (2P);10;;;Main List;144845980;;71;sí;2.2, Long, 2P, New Swing
1589;Nosedive;0;;;Legacy;139622770;20;72;;2.2, Long, Overall
1590;White Album;0;;;Legacy;85242343;20;48;;2.1, Long, Timings, Slow-Paced, Wave
1591;Geochroma Reminisce (2P);0;;;Legacy;123268699;21;71;sí;2.2, Long, 2P, Fast-Paced, Learny, Ship
1592;MONITORING;0;;;Legacy;118026710;19;80;;2.2, Long, Timings, Chokepoints, High CPS
1593;Hyper Ascent;0;;;Legacy;125801346;19;56;;2.2, Long, Timings
1594;in canon;0;;;Legacy;80575901;20;85;;2.1, Long, Timings, Memory, Gimmicky, Ship
1595;DICHOTOMY (2P);0;;;Legacy;103011600;10;71;sí;2.2, Long, 2P, Learny
1596;DICHOTOMY (Solo);0;;;Legacy;103011600;25;;;2.2, Long, 2P, Learny
1597;Magnum Opus;0;;;Legacy;101301462;17;49;;2.2, Medium, Clicksync, Fast-Paced, Flow, Overall
1598;cja;0;;;Legacy;112209834;19;70;;2.2, Long, Clicksync, Timings, Wave
1599;Delirium Tremens;0;;;Legacy;73289291;19;69;;2.1, Long, Fast-Paced, Duals, Overall
1600;High Heat;0;;;Legacy;91782999;19;65;;2.1, Long, Fast-Paced, Learny, Nerve Control, Overall
1601;Copilot (Solo);0;;;Legacy;104338596;24;;;2.2, Long, NONG, 2P, Overall
1602;Copilot (2P);0;;;Legacy;104338596;9;;sí;2.2, Long, NONG, 2P, Overall
1603;InTerFeRenCe;0;;;Legacy;109978039;19;;;2.2, Long, NONG, Clicksync, Chokepoints, Learny, Cube, Robot
1604;Eraser;0;;;Legacy;80966929;19;;;2.1, Long, Cube, Overall
1605;Mind Machine;0;;;Legacy;78873287;19;;;2.1, Long, Learny, Memory, Cube
1606;TRIANGULAR;0;;;Legacy;81636212;12;;;2.1, Long, 2P, Learny, Gimmicky
1607;Virtual Stigmata;0;;;Legacy;81487788;17;;;2.1, Long, Fast-Paced, Timings, Learny, High CPS, Overall
1608;Pictured as Perfect;0;;;Legacy;92744725;20;;;2.1, XL, Gimmicky, Fast-Paced, Overall
1609;Gunslinga Corridor;0;;;Legacy;58069223;19;;;2.1, Long, Timings, Wave, Overall
1610;Swarm;0;;;Legacy;88224089;19;;;2.1, Long, Fast-Paced, Learny, High CPS, Flow, Overall
1611;dismay;0;;;Legacy;90953648;19;76;;2.1, Long, Fast-Paced, Learny, High CPS, Overall
1612;IWannaKillTheKamilia;0;;;Legacy;71565140;16;;;2.1, Long, Learny, Memory, Gimmicky, Nerve Control
1613;ICE Carbon Diablo X;0;659;72;Legacy;814678;19;;;1.6, Long, Timings, Chokepoints, Nerve Control, Overall
1614;Frizzantino Vibes;0;642;100;Legacy;44734648;20;;;2.1, Long, Chokepoints, Duals
1615;Hate War;0;681;46;Legacy;23328970;15;;;2.1, Long, Chokepoints, Cube, Ship, Ball, UFO
1616;Buff This;0;;;Legacy;38306937;16;;;2.1, Long, Fast-Paced, Ship
1617;KETAMINE;0;;;Legacy;90772080;19;;;2.1, Medium, Clicksync, Fast-Paced, Flow, Overall
1618;CHALLUNGA FINALE;0;;;Legacy;90451473;19;;;2.1, Long, Gimmicky, Overall, Ball, Memory
1619;foggy morning;0;;;Legacy;82599323;17;;;2.1, Long, Timings, Gimmicky, Slow-Paced, Cube
1620;Thanatophobia;0;;;Legacy;62809982;19;;;2.1, Long, Clicksync, Fast-Paced, Timings, Flow
1621;TAURINE;0;;;Legacy;82671886;18;;;2.1, Long, Clicksync, Fast-Paced, Flow, Overall
;SHATTER;0;511;100;solo Pointercrate;25603065;;;;
;Killerzone;0;605;100;solo Pointercrate;28031554;;;;
;Duelo Maestro;0;622;68;solo Pointercrate;23298409;;;;
;Gammaray;0;629;100;solo Pointercrate;26512451;;;;
;Underground;0;636;100;solo Pointercrate;88854750;;;;
;Grimoire Heart;0;640;100;solo Pointercrate;48073305;;;;
;Electrosonic;0;643;100;solo Pointercrate;37887838;;;;
;Cosmic Calamity;0;644;44;solo Pointercrate;21256194;;;;
;Excessive Compliment;0;645;100;solo Pointercrate;36089851;;;;
;Superstrike;0;646;100;solo Pointercrate;42980861;;;;
;Torrential Storm;0;648;100;solo Pointercrate;42214580;;;;
;Arcadelocked;0;649;57;solo Pointercrate;27320476;;;;
;Es Dilar Nos;0;650;100;solo Pointercrate;45023719;;;;
;AAAAAAAAAAAAAAAAAAAA;0;653;100;solo Pointercrate;38761927;;;;
;Photovoltaic;0;654;48;solo Pointercrate;19709171;;;;
;After Catabath;0;655;100;solo Pointercrate;23355570;;;;
;Astronomical Alchemy;0;657;100;solo Pointercrate;43106353;;;;
;Dark RainBow Rebirth;0;658;58;solo Pointercrate;17217389;;;;
;NecroDynamix;0;661;100;solo Pointercrate;33383668;;;;
;Galaxy Breaker;0;662;62;solo Pointercrate;23409681;;;;
;Kurumi City;0;663;48;solo Pointercrate;15845254;;;;
;Galatic Fragility;0;664;84;solo Pointercrate;9834617;;;;
;New Supersonic;0;665;61;solo Pointercrate;17683166;;;;
;Creeper Force;0;666;45;solo Pointercrate;2487191;;;;
;Abandoned Kingdom;0;667;100;solo Pointercrate;29127411;;;;
;Future Circles;0;668;43;solo Pointercrate;21306256;;;;
;Quest for Perfection;0;669;74;solo Pointercrate;21952243;;;;
;Cyber Chaos;0;670;56;solo Pointercrate;18674844;;;;
;Temple of Destiny;0;671;69;solo Pointercrate;32512032;;;;
;Clubstep Reborn;0;672;100;solo Pointercrate;28050431;;;;
;Spectral Tentation;0;673;100;solo Pointercrate;40299716;;;;
;Crimson Clutter;0;674;76;solo Pointercrate;9700312;;;;
;Demonic Bass;0;675;100;solo Pointercrate;12804868;;;;
;Asymmetry;0;676;52;solo Pointercrate;13572922;;;;
;Rewind;0;677;100;solo Pointercrate;35106742;;;;
;Plasma Pulse II;0;678;52;solo Pointercrate;13457056;;;;
;Elements X;0;679;41;solo Pointercrate;16272616;;;;
;Wander of thought;0;680;62;solo Pointercrate;10618346;;;;
;The Secret Box;0;682;100;solo Pointercrate;33405303;;;;
;Lunatic Doom Machine;0;683;100;solo Pointercrate;15625052;;;;
;Valor;0;684;100;solo Pointercrate;25540324;;;;
;Night Terrors;0;685;77;solo Pointercrate;15395840;;;;
;Hyperio Technia;0;686;100;solo Pointercrate;37011750;;;;
;Subterranean Animism;0;687;100;solo Pointercrate;34386347;;;;
;Pursuit;0;688;100;solo Pointercrate;16441569;;;;
;Ultraviolet;0;689;74;solo Pointercrate;10288836;;;;
;Wolfstep;0;690;44;solo Pointercrate;16675186;;;;
;Light Years;0;691;62;solo Pointercrate;10137630;;;;
;Geminorum;0;692;100;solo Pointercrate;14633495;;;;
;X Adventure;0;693;65;solo Pointercrate;18286611;;;;
;Sparklic Ocean;0;694;100;solo Pointercrate;11625638;;;;
;DeltaNova;0;695;100;solo Pointercrate;10284725;;;;
;Necropolis;0;696;86;solo Pointercrate;2241592;;;;
;The JanuS Miracle;0;697;59;solo Pointercrate;918766;;;;
;Catastrophic;0;698;56;solo Pointercrate;10789222;;;;
;Sadism;0;699;59;solo Pointercrate;17312229;;;;
;DoomsDay;0;700;64;solo Pointercrate;14070792;;;;
;Entwined Room;0;702;46;solo Pointercrate;15875767;;;;
